campaign_id,experiment_block,planned_configuration_id,repetition,run_order,run_key,attempt,run_order_seed,campaign_plan_sha256,instance,instance_content_id,base_lineage_id,instance_family,configuration_label,factor_m,factor_f,factor_p,factor_g,factor_b,factor_o,factor_s,factor_i,status,sat_result,best_value,proven_optimum,objective_mode,objective_vector,proven_objective_vector,primary_objective_value,secondary_objective_value,tertiary_objective_value,lexicographic_scalar_cost,objective_tier_weights,runtime_seconds,runtime_censored,peak_memory_mb,formalism,model_family,formulation_name,model_family_display_name,model_configuration_display_name,implementation_provenance,optimization_procedure_display_name,n_vars,n_binary_variables,n_integer_variables,n_continuous_variables,n_linear_constraints,n_global_constraints,n_nonzeros,n_hard_clauses,n_soft_clauses,n_total_clauses,n_primary_variables,n_auxiliary_variables,n_total_literals,max_hard_clause_length,configuration_id,configuration_key,domain_mode,domain_filter_graph,precedence_encoding,precedence_graph,optimization_engine,solver_backend,solver_version,encoding_variant,idle_encoding,objective,objective_code,implied_constraints_code,n_hard_literals,n_soft_literals,max_soft_clause_length,n_unit_hard_clauses,n_binary_hard_clauses,n_ternary_hard_clauses,n_long_hard_clauses,soft_clause_weight,soft_weight_sum,n_objective_lits,n_optimizer_calls,best_bound,optimality_gap,branch_and_bound_nodes,cp_branches,cp_fails,n_bound_encodings,optimizer_added_variables_peak,optimizer_added_clauses_peak,optimizer_added_literals_peak,optimizer_added_clauses_cumulative,objective_phase_seconds,objective_phase_calls,formula_scope,full_schedule_candidates,unary_eligible_schedule_candidates,reduced_schedule_candidates,active_schedule_candidates,precedence_direct_edges,precedence_closure_edges,precedence_relation_edges,precedence_max_distance,precedence_pairwise_clauses,precedence_sparse_link_clauses,precedence_unique_suffix_cuts,domain_filter_iterations,domain_filter_seconds,input_parsing_seconds,model_construction_seconds,backend_model_construction_seconds,model_build_seconds,solve_and_validate_seconds,runtime_scope,idle_range_pstar,total_internal_idle_slots,all_participant_idle_range,total_break_groups,break_group_range,participant_break_groups,memory_metric,instance_sha256,instance_variant,instance_path,source_alias_count,source_alias_paths,repository_alias_count,repository_alias_paths,dataset_source_page,dataset_archive_url,dataset_archive_sha256,run_started_utc,timeout_seconds,memory_limit_mb,git_commit,git_dirty,python_version,pysat_version,hostname,platform,cpu_model,physical_cpu_cores,logical_cpu_cores,system_memory_mb,threads,random_seed,runner_command,solver_binary,solver_binary_sha256,solver_command,validation_errors,solver_message,error_type,error_message,solver,maxsat_backend_preference,sat_backend_preference,resolved_uwrmaxsat_bin,precedence_mode,precedence_configuration,objective_value,objective_participant_count,objective_participants,initial_schedule_candidates,unary_removed_schedule_candidates,preprocessing_removed_schedule_candidates,removed_schedule_candidates,participant_internal_idle_slots,busy_participants_per_slot,assignment,schedule_by_slot,enabled_constraints
,,,,,,,,,forum-13crafc.forb0007,b2b-012845c64333a713,b2b-lineage-forum-13crafc,forbidden,ORG-F-PW-DE-PHC-BGD2-UW-OBIC12P,ORGFull,N/A,Pairwise,Direct-E,PerSlotHoleCardinality,BreakGroupsD2,UWrMaxSAT,OldBestIC12+,OPTIMAL,SAT,1,1,bg_d2,1,1,1,,,1,1,181.624,False,308.77,MaxSAT,ORGHistorical,ORG-Historical-BG-d2,Published-style,Published-style/Full,independent_reimplementation,one-shot weighted MaxSAT,200226,,,,,,,399850,700,400550,3234,196992,1148944,71,baseline2__model-org_historical_maxsat__m-full__p-pairwise__g-direct__b-per_slot_hole_cardinality__o-break_groups_d2__s-uwrmaxsat__i-old_best_ic12plus__fairness-d2,baseline2__model-org_historical_maxsat__m-full__p-pairwise__g-direct__b-per_slot_hole_cardinality__o-break_groups_d2__s-uwrmaxsat__i-old_best_ic12plus__fairness-d2,legacy_full,n/a,pairwise,direct,UWrMaxSAT,UWrMaxSAT,binary-sha256:8c68c8a386d3d7847b50d315143c2bab60e3514e59510e84a649db83cb303876,org_historical_bg_d2_old_best,per_slot_hole_cardinality,total_break_groups_subject_to_range_at_most_2,BGD2,OBIC12P,1148244,700,1,1071,137712,179821,81246,1,700,700,1,,,,,,0,,,,,,,"formalism-specific model size: SAT/MaxSAT reports base CNF and soft clauses, MIP reports variables/linear constraints/nonzeros, and CP reports integer variables plus linear/global constraints; SAT bound/totalizer overhead remains separate in optimizer_added_*",3234,,,3234,,,,,,,,,,0.001609,0.423428,,0.423428,181.198963,"wall-clock from immediately before reading/parsing the .dzn instance through model construction, optimization, solution decoding, and independent validation; excludes worker-process startup and result-file export",7,7,,1,1,"0,0,0,0,0,0,0,0,0,0,0,0,0,0,0,0,0,0,0,0,0,0,0,0,0,0,0,0,0,0,0,0,0,0,0,0,0,0,0,0,0,0,0,0,0,0,0,0,0,0,0,0,0,0,0,0,1,0,0,0,0,0,0,0,0,0,0,0,0,0",peak_process_tree_rss_mb,012845c64333a713ece8bd629db7798ceb7bc7390978e5070fa46292ea01deb8,forb0007,data_table06_forb/forum-13crafc.forb0007.dzn,2,data_table06_forb/forum-13crafc.forb0007.dzn | data_table06_forb/ticf-13crafc.forb0007.dzn,2,data_table06_forb/forum-13crafc.forb0007.dzn | data_table06_forb/ticf-13crafc.forb0007.dzn,https://imae.udg.edu/Recerca/LAI/,https://ima.udg.edu/Recerca/lai/b2b/b2b.zip,,2026-08-15T05:12:49+00:00,7200.0,,ee80a6fbd8b513f7c010668495c39621a371266a,True,3.10.12,1.8.dev25,instance-20260810-085803,Linux-6.8.0-1065-gcp-x86_64-with-glibc2.35,x86_64,4,8,15988.055,1,0,/home/g24021555/Business-Meeting-Scheduling-Problem/.venv/bin/python /home/g24021555/Business-Meeting-Scheduling-Problem/src/ORG_BG_D2.py --data-dir data_table06_forb --family all --backend uwrmaxsat --uwrmaxsat-bin /home/g24021555/uwrmaxsat/build/release/bin/uwrmaxsat --uwrmaxsat-sha256 8c68c8a386d3d7847b50d315143c2bab60e3514e59510e84a649db83cb303876 --timeout 7200 --csv output/org_old_bg_d2/data_table06_forb.csv --no-excel,/home/g24021555/uwrmaxsat/build/release/bin/uwrmaxsat,8c68c8a386d3d7847b50d315143c2bab60e3514e59510e84a649db83cb303876,/home/g24021555/uwrmaxsat/build/release/bin/uwrmaxsat -m /tmp/org_bg_wiufyy_y.wcnf,,,,,UWrMaxSAT,,,,traditional,pairwise+direct,1,,,,,,,,,"2,9,4,6,10,5,7,3,8,13,10,11,12,9,16,14,15,13,1,4,2,0,3,5,2,6,7,2,5,8,4,6,3,10,7,11,9,8,12,6,11,12,13,15,14,11,6,10,6,8,5,4,2,3,10,9,7,9,12,11,10,12,5,1,4,3,2,3,4,7,9,8,6,2,0,1,5,9,7,11,10,12,6,2,8,3,5,4,4,8,6,11,3,7,10,5,12,9,11,1,0,12,3,2,5,9,10,12,4,8,11,7,6,7,3,5,2,4,8,0,1,10,5,12,13,11,2,8,3,7,4,9,6,3,11,6,2,5,8,14,4,10,9,0,1,13,7,12,12,8,10,11,9,7",,
,,,,,,,,,forumt-14crafd.forb0003,b2b-01e07c6fc89d234b,b2b-lineage-forumt-14crafd,forbidden,ORG-F-PW-DE-PHC-BGD2-UW-OBIC12P,ORGFull,N/A,Pairwise,Direct-E,PerSlotHoleCardinality,BreakGroupsD2,UWrMaxSAT,OldBestIC12+,UNSAT,UNSAT,,,bg_d2,,,,,,,1,0.554253,False,124.004,MaxSAT,ORGHistorical,ORG-Historical-BG-d2,Published-style,Published-style/Full,independent_reimplementation,one-shot weighted MaxSAT,79488,,,,,,,165794,240,166034,2360,77128,413459,61,baseline2__model-org_historical_maxsat__m-full__p-pairwise__g-direct__b-per_slot_hole_cardinality__o-break_groups_d2__s-uwrmaxsat__i-old_best_ic12plus__fairness-d2,baseline2__model-org_historical_maxsat__m-full__p-pairwise__g-direct__b-per_slot_hole_cardinality__o-break_groups_d2__s-uwrmaxsat__i-old_best_ic12plus__fairness-d2,legacy_full,n/a,pairwise,direct,UWrMaxSAT,UWrMaxSAT,binary-sha256:8c68c8a386d3d7847b50d315143c2bab60e3514e59510e84a649db83cb303876,org_historical_bg_d2_old_best,per_slot_hole_cardinality,total_break_groups_subject_to_range_at_most_2,BGD2,OBIC12P,413219,240,1,427,93656,66564,5147,1,240,240,1,,,,,,0,,,,,,,"formalism-specific model size: SAT/MaxSAT reports base CNF and soft clauses, MIP reports variables/linear constraints/nonzeros, and CP reports integer variables plus linear/global constraints; SAT bound/totalizer overhead remains separate in optimizer_added_*",2360,,,2360,,,,,,,,,,0.002444,0.166732,,0.166732,0.385078,"wall-clock from immediately before reading/parsing the .dzn instance through model construction, optimization, solution decoding, and independent validation; excludes worker-process startup and result-file export",,,,,,,peak_process_tree_rss_mb,01e07c6fc89d234b5e99cbb04dfeb3e7a46a05e82f4e8c5bfd3ae5def6aa3b13,forb0003,data_table06_forb/forumt-14crafd.forb0003.dzn,2,data_table06_forb/forumt-14crafd.forb0003.dzn | data_table06_forb/tic-14crafd.forb0003.dzn,2,data_table06_forb/forumt-14crafd.forb0003.dzn | data_table06_forb/tic-14crafd.forb0003.dzn,https://imae.udg.edu/Recerca/LAI/,https://ima.udg.edu/Recerca/lai/b2b/b2b.zip,,2026-08-15T05:12:49+00:00,7200.0,,ee80a6fbd8b513f7c010668495c39621a371266a,True,3.10.12,1.8.dev25,instance-20260810-085803,Linux-6.8.0-1065-gcp-x86_64-with-glibc2.35,x86_64,4,8,15988.055,1,0,/home/g24021555/Business-Meeting-Scheduling-Problem/.venv/bin/python /home/g24021555/Business-Meeting-Scheduling-Problem/src/ORG_BG_D2.py --data-dir data_table06_forb --family all --backend uwrmaxsat --uwrmaxsat-bin /home/g24021555/uwrmaxsat/build/release/bin/uwrmaxsat --uwrmaxsat-sha256 8c68c8a386d3d7847b50d315143c2bab60e3514e59510e84a649db83cb303876 --timeout 7200 --csv output/org_old_bg_d2/data_table06_forb.csv --no-excel,/home/g24021555/uwrmaxsat/build/release/bin/uwrmaxsat,8c68c8a386d3d7847b50d315143c2bab60e3514e59510e84a649db83cb303876,/home/g24021555/uwrmaxsat/build/release/bin/uwrmaxsat -m /tmp/org_bg_qhvzsu2f.wcnf,,,,,UWrMaxSAT,,,,traditional,pairwise+direct,,,,,,,,,,,,
,,,,,,,,,tic-13crafb.forb0003,b2b-11bed35297f1ebb4,b2b-lineage-tic-13crafb,forbidden,ORG-F-PW-DE-PHC-BGD2-UW-OBIC12P,ORGFull,N/A,Pairwise,Direct-E,PerSlotHoleCardinality,BreakGroupsD2,UWrMaxSAT,OldBestIC12+,OPTIMAL,SAT,0,0,bg_d2,0,0,0,,,0,1,0.821261,False,100.238,MaxSAT,ORGHistorical,ORG-Historical-BG-d2,Published-style,Published-style/Full,independent_reimplementation,one-shot weighted MaxSAT,52392,,,,,,,110188,184,110372,1840,50552,274786,47,baseline2__model-org_historical_maxsat__m-full__p-pairwise__g-direct__b-per_slot_hole_cardinality__o-break_groups_d2__s-uwrmaxsat__i-old_best_ic12plus__fairness-d2,baseline2__model-org_historical_maxsat__m-full__p-pairwise__g-direct__b-per_slot_hole_cardinality__o-break_groups_d2__s-uwrmaxsat__i-old_best_ic12plus__fairness-d2,legacy_full,n/a,pairwise,direct,UWrMaxSAT,UWrMaxSAT,binary-sha256:8c68c8a386d3d7847b50d315143c2bab60e3514e59510e84a649db83cb303876,org_historical_bg_d2_old_best,per_slot_hole_cardinality,total_break_groups_subject_to_range_at_most_2,BGD2,OBIC12P,274602,184,1,314,63394,42540,3940,1,184,184,1,,,,,,0,,,,,,,"formalism-specific model size: SAT/MaxSAT reports base CNF and soft clauses, MIP reports variables/linear constraints/nonzeros, and CP reports integer variables plus linear/global constraints; SAT bound/totalizer overhead remains separate in optimizer_added_*",1840,,,1840,,,,,,,,,,0.001905,0.105636,,0.105636,0.71372,"wall-clock from immediately before reading/parsing the .dzn instance through model construction, optimization, solution decoding, and independent validation; excludes worker-process startup and result-file export",0,0,,0,0,"0,0,0,0,0,0,0,0,0,0,0,0,0,0,0,0,0,0,0,0,0,0,0,0,0,0,0,0,0,0,0,0,0,0,0,0,0,0,0,0,0,0,0,0,0,0",peak_process_tree_rss_mb,11bed35297f1ebb4aec8ff1a36ad294f0ab222e6a8066701c884372e4c63abc5,forb0003,data_table06_forb/tic-13crafb.forb0003.dzn,1,data_table06_forb/tic-13crafb.forb0003.dzn,1,data_table06_forb/tic-13crafb.forb0003.dzn,https://imae.udg.edu/Recerca/LAI/,https://ima.udg.edu/Recerca/lai/b2b/b2b.zip,,2026-08-15T05:12:49+00:00,7200.0,,ee80a6fbd8b513f7c010668495c39621a371266a,True,3.10.12,1.8.dev25,instance-20260810-085803,Linux-6.8.0-1065-gcp-x86_64-with-glibc2.35,x86_64,4,8,15988.055,1,0,/home/g24021555/Business-Meeting-Scheduling-Problem/.venv/bin/python /home/g24021555/Business-Meeting-Scheduling-Problem/src/ORG_BG_D2.py --data-dir data_table06_forb --family all --backend uwrmaxsat --uwrmaxsat-bin /home/g24021555/uwrmaxsat/build/release/bin/uwrmaxsat --uwrmaxsat-sha256 8c68c8a386d3d7847b50d315143c2bab60e3514e59510e84a649db83cb303876 --timeout 7200 --csv output/org_old_bg_d2/data_table06_forb.csv --no-excel,/home/g24021555/uwrmaxsat/build/release/bin/uwrmaxsat,8c68c8a386d3d7847b50d315143c2bab60e3514e59510e84a649db83cb303876,/home/g24021555/uwrmaxsat/build/release/bin/uwrmaxsat -m /tmp/org_bg_2vuogsbl.wcnf,,,,,UWrMaxSAT,,,,traditional,pairwise+direct,0,,,,,,,,,"0,1,2,3,4,5,0,1,2,3,0,1,2,3,0,1,2,0,2,1,3,4,5,1,2,3,4,5,6,7,4,5,0,1,2,6,3,7,8,3,1,4,6,0,5,7,8,3,7,1,0,3,2,4,5,9,4,8,6,2,1,3,9,2,3,5,4,6,0,5,4,0,2,1,3,4,8,7,5,9,6,5,7,3,4,6,4,3,2,0,8,7,5,0,4,1,9,7,4,5,3,3,6,2,9,5,1,4,7,7,8,9,6,4,1,6,3,7,8,4,0,3,7,5,6,2,1,8,9,2,5,1,6,6,7,2,9,8,5,3,0,6,2,9,8,5,2,4,1,0,8,1,6,7,0,2,8,6,9,5,7,8,4,9,5,7,4,2,6,8,3,1,0,9,4,7,5,8,6,7,9,5,6,8",,
,,,,,,,,,forumt-14crafe.forb0007,b2b-19617e0cbd8228a0,b2b-lineage-forumt-14crafe,forbidden,ORG-F-PW-DE-PHC-BGD2-UW-OBIC12P,ORGFull,N/A,Pairwise,Direct-E,PerSlotHoleCardinality,BreakGroupsD2,UWrMaxSAT,OldBestIC12+,UNSAT,UNSAT,,,bg_d2,,,,,,,1,0.555386,False,118.195,MaxSAT,ORGHistorical,ORG-Historical-BG-d2,Published-style,Published-style/Full,independent_reimplementation,one-shot weighted MaxSAT,78378,,,,,,,163655,240,163895,2360,76018,408020,61,baseline2__model-org_historical_maxsat__m-full__p-pairwise__g-direct__b-per_slot_hole_cardinality__o-break_groups_d2__s-uwrmaxsat__i-old_best_ic12plus__fairness-d2,baseline2__model-org_historical_maxsat__m-full__p-pairwise__g-direct__b-per_slot_hole_cardinality__o-break_groups_d2__s-uwrmaxsat__i-old_best_ic12plus__fairness-d2,legacy_full,n/a,pairwise,direct,UWrMaxSAT,UWrMaxSAT,binary-sha256:8c68c8a386d3d7847b50d315143c2bab60e3514e59510e84a649db83cb303876,org_historical_bg_d2_old_best,per_slot_hole_cardinality,total_break_groups_subject_to_range_at_most_2,BGD2,OBIC12P,407780,240,1,448,92636,65424,5147,1,240,240,1,,,,,,0,,,,,,,"formalism-specific model size: SAT/MaxSAT reports base CNF and soft clauses, MIP reports variables/linear constraints/nonzeros, and CP reports integer variables plus linear/global constraints; SAT bound/totalizer overhead remains separate in optimizer_added_*",2360,,,2360,,,,,,,,,,0.002446,0.155549,,0.155549,0.397391,"wall-clock from immediately before reading/parsing the .dzn instance through model construction, optimization, solution decoding, and independent validation; excludes worker-process startup and result-file export",,,,,,,peak_process_tree_rss_mb,19617e0cbd8228a07f4d1fb4a20169d59bca4892a698dc05873681a713e0d642,forb0007,data_table06_forb/forumt-14crafe.forb0007.dzn,1,data_table06_forb/forumt-14crafe.forb0007.dzn,1,data_table06_forb/forumt-14crafe.forb0007.dzn,https://imae.udg.edu/Recerca/LAI/,https://ima.udg.edu/Recerca/lai/b2b/b2b.zip,,2026-08-15T05:12:49+00:00,7200.0,,ee80a6fbd8b513f7c010668495c39621a371266a,True,3.10.12,1.8.dev25,instance-20260810-085803,Linux-6.8.0-1065-gcp-x86_64-with-glibc2.35,x86_64,4,8,15988.055,1,0,/home/g24021555/Business-Meeting-Scheduling-Problem/.venv/bin/python /home/g24021555/Business-Meeting-Scheduling-Problem/src/ORG_BG_D2.py --data-dir data_table06_forb --family all --backend uwrmaxsat --uwrmaxsat-bin /home/g24021555/uwrmaxsat/build/release/bin/uwrmaxsat --uwrmaxsat-sha256 8c68c8a386d3d7847b50d315143c2bab60e3514e59510e84a649db83cb303876 --timeout 7200 --csv output/org_old_bg_d2/data_table06_forb.csv --no-excel,/home/g24021555/uwrmaxsat/build/release/bin/uwrmaxsat,8c68c8a386d3d7847b50d315143c2bab60e3514e59510e84a649db83cb303876,/home/g24021555/uwrmaxsat/build/release/bin/uwrmaxsat -m /tmp/org_bg_rm3fbghx.wcnf,,,,,UWrMaxSAT,,,,traditional,pairwise+direct,,,,,,,,,,,,
,,,,,,,,,tic-13crafc.forb0003,b2b-24632991b216de3c,b2b-lineage-tic-13crafc,forbidden,ORG-F-PW-DE-PHC-BGD2-UW-OBIC12P,ORGFull,N/A,Pairwise,Direct-E,PerSlotHoleCardinality,BreakGroupsD2,UWrMaxSAT,OldBestIC12+,UNSAT,UNSAT,,,bg_d2,,,,,,,1,0.361851,False,91.859,MaxSAT,ORGHistorical,ORG-Historical-BG-d2,Published-style,Published-style/Full,independent_reimplementation,one-shot weighted MaxSAT,51659,,,,,,,108070,188,108258,1800,49859,269424,48,baseline2__model-org_historical_maxsat__m-full__p-pairwise__g-direct__b-per_slot_hole_cardinality__o-break_groups_d2__s-uwrmaxsat__i-old_best_ic12plus__fairness-d2,baseline2__model-org_historical_maxsat__m-full__p-pairwise__g-direct__b-per_slot_hole_cardinality__o-break_groups_d2__s-uwrmaxsat__i-old_best_ic12plus__fairness-d2,legacy_full,n/a,pairwise,direct,UWrMaxSAT,UWrMaxSAT,binary-sha256:8c68c8a386d3d7847b50d315143c2bab60e3514e59510e84a649db83cb303876,org_historical_bg_d2_old_best,per_slot_hole_cardinality,total_break_groups_subject_to_range_at_most_2,BGD2,OBIC12P,269236,188,1,293,62423,41325,4029,1,188,188,1,,,,,,0,,,,,,,"formalism-specific model size: SAT/MaxSAT reports base CNF and soft clauses, MIP reports variables/linear constraints/nonzeros, and CP reports integer variables plus linear/global constraints; SAT bound/totalizer overhead remains separate in optimizer_added_*",1800,,,1800,,,,,,,,,,0.001899,0.105609,,0.105609,0.254343,"wall-clock from immediately before reading/parsing the .dzn instance through model construction, optimization, solution decoding, and independent validation; excludes worker-process startup and result-file export",,,,,,,peak_process_tree_rss_mb,24632991b216de3c5b9dcf846d018ffada2a20cfa0e319990510ef396511d2eb,forb0003,data_table06_forb/tic-13crafc.forb0003.dzn,1,data_table06_forb/tic-13crafc.forb0003.dzn,1,data_table06_forb/tic-13crafc.forb0003.dzn,https://imae.udg.edu/Recerca/LAI/,https://ima.udg.edu/Recerca/lai/b2b/b2b.zip,,2026-08-15T05:12:49+00:00,7200.0,,ee80a6fbd8b513f7c010668495c39621a371266a,True,3.10.12,1.8.dev25,instance-20260810-085803,Linux-6.8.0-1065-gcp-x86_64-with-glibc2.35,x86_64,4,8,15988.055,1,0,/home/g24021555/Business-Meeting-Scheduling-Problem/.venv/bin/python /home/g24021555/Business-Meeting-Scheduling-Problem/src/ORG_BG_D2.py --data-dir data_table06_forb --family all --backend uwrmaxsat --uwrmaxsat-bin /home/g24021555/uwrmaxsat/build/release/bin/uwrmaxsat --uwrmaxsat-sha256 8c68c8a386d3d7847b50d315143c2bab60e3514e59510e84a649db83cb303876 --timeout 7200 --csv output/org_old_bg_d2/data_table06_forb.csv --no-excel,/home/g24021555/uwrmaxsat/build/release/bin/uwrmaxsat,8c68c8a386d3d7847b50d315143c2bab60e3514e59510e84a649db83cb303876,/home/g24021555/uwrmaxsat/build/release/bin/uwrmaxsat -m /tmp/org_bg_g8121cb7.wcnf,,,,,UWrMaxSAT,,,,traditional,pairwise+direct,,,,,,,,,,,,
,,,,,,,,,tic-13.forb0007,b2b-374c58fa947a88ba,b2b-lineage-tic-13,forbidden,ORG-F-PW-DE-PHC-BGD2-UW-OBIC12P,ORGFull,N/A,Pairwise,Direct-E,PerSlotHoleCardinality,BreakGroupsD2,UWrMaxSAT,OldBestIC12+,UNSAT,UNSAT,,,bg_d2,,,,,,,1,0.369316,False,90.535,MaxSAT,ORGHistorical,ORG-Historical-BG-d2,Published-style,Published-style/Full,independent_reimplementation,one-shot weighted MaxSAT,53139,,,,,,,110929,188,111117,1800,51339,276663,48,baseline2__model-org_historical_maxsat__m-full__p-pairwise__g-direct__b-per_slot_hole_cardinality__o-break_groups_d2__s-uwrmaxsat__i-old_best_ic12plus__fairness-d2,baseline2__model-org_historical_maxsat__m-full__p-pairwise__g-direct__b-per_slot_hole_cardinality__o-break_groups_d2__s-uwrmaxsat__i-old_best_ic12plus__fairness-d2,legacy_full,n/a,pairwise,direct,UWrMaxSAT,UWrMaxSAT,binary-sha256:8c68c8a386d3d7847b50d315143c2bab60e3514e59510e84a649db83cb303876,org_historical_bg_d2_old_best,per_slot_hole_cardinality,total_break_groups_subject_to_range_at_most_2,BGD2,OBIC12P,276475,188,1,312,63723,42865,4029,1,188,188,1,,,,,,0,,,,,,,"formalism-specific model size: SAT/MaxSAT reports base CNF and soft clauses, MIP reports variables/linear constraints/nonzeros, and CP reports integer variables plus linear/global constraints; SAT bound/totalizer overhead remains separate in optimizer_added_*",1800,,,1800,,,,,,,,,,0.001758,0.10658,,0.10658,0.260978,"wall-clock from immediately before reading/parsing the .dzn instance through model construction, optimization, solution decoding, and independent validation; excludes worker-process startup and result-file export",,,,,,,peak_process_tree_rss_mb,374c58fa947a88bab923bd35a804a1fe7b42eebb4e26988ec2767cbcc430dbb5,forb0007,data_table06_forb/tic-13.forb0007.dzn,1,data_table06_forb/tic-13.forb0007.dzn,1,data_table06_forb/tic-13.forb0007.dzn,https://imae.udg.edu/Recerca/LAI/,https://ima.udg.edu/Recerca/lai/b2b/b2b.zip,,2026-08-15T05:12:49+00:00,7200.0,,ee80a6fbd8b513f7c010668495c39621a371266a,True,3.10.12,1.8.dev25,instance-20260810-085803,Linux-6.8.0-1065-gcp-x86_64-with-glibc2.35,x86_64,4,8,15988.055,1,0,/home/g24021555/Business-Meeting-Scheduling-Problem/.venv/bin/python /home/g24021555/Business-Meeting-Scheduling-Problem/src/ORG_BG_D2.py --data-dir data_table06_forb --family all --backend uwrmaxsat --uwrmaxsat-bin /home/g24021555/uwrmaxsat/build/release/bin/uwrmaxsat --uwrmaxsat-sha256 8c68c8a386d3d7847b50d315143c2bab60e3514e59510e84a649db83cb303876 --timeout 7200 --csv output/org_old_bg_d2/data_table06_forb.csv --no-excel,/home/g24021555/uwrmaxsat/build/release/bin/uwrmaxsat,8c68c8a386d3d7847b50d315143c2bab60e3514e59510e84a649db83cb303876,/home/g24021555/uwrmaxsat/build/release/bin/uwrmaxsat -m /tmp/org_bg_qlt_49gk.wcnf,,,,,UWrMaxSAT,,,,traditional,pairwise+direct,,,,,,,,,,,,
,,,,,,,,,forumt-14.forb0007,b2b-41aa8bf2170d5150,b2b-lineage-forumt-14,forbidden,ORG-F-PW-DE-PHC-BGD2-UW-OBIC12P,ORGFull,N/A,Pairwise,Direct-E,PerSlotHoleCardinality,BreakGroupsD2,UWrMaxSAT,OldBestIC12+,UNSAT,UNSAT,,,bg_d2,,,,,,,1,0.575241,False,121.652,MaxSAT,ORGHistorical,ORG-Historical-BG-d2,Published-style,Published-style/Full,independent_reimplementation,one-shot weighted MaxSAT,81817,,,,,,,170303,240,170543,2370,79447,424826,61,baseline2__model-org_historical_maxsat__m-full__p-pairwise__g-direct__b-per_slot_hole_cardinality__o-break_groups_d2__s-uwrmaxsat__i-old_best_ic12plus__fairness-d2,baseline2__model-org_historical_maxsat__m-full__p-pairwise__g-direct__b-per_slot_hole_cardinality__o-break_groups_d2__s-uwrmaxsat__i-old_best_ic12plus__fairness-d2,legacy_full,n/a,pairwise,direct,UWrMaxSAT,UWrMaxSAT,binary-sha256:8c68c8a386d3d7847b50d315143c2bab60e3514e59510e84a649db83cb303876,org_historical_bg_d2_old_best,per_slot_hole_cardinality,total_break_groups_subject_to_range_at_most_2,BGD2,OBIC12P,424586,240,1,414,95890,68838,5161,1,240,240,1,,,,,,0,,,,,,,"formalism-specific model size: SAT/MaxSAT reports base CNF and soft clauses, MIP reports variables/linear constraints/nonzeros, and CP reports integer variables plus linear/global constraints; SAT bound/totalizer overhead remains separate in optimizer_added_*",2370,,,2370,,,,,,,,,,0.002443,0.161818,,0.161818,0.41098,"wall-clock from immediately before reading/parsing the .dzn instance through model construction, optimization, solution decoding, and independent validation; excludes worker-process startup and result-file export",,,,,,,peak_process_tree_rss_mb,41aa8bf2170d515092e362ca4e9bcdd3c58d3ed4f53f635fc06e2838dc5ed521,forb0007,data_table06_forb/forumt-14.forb0007.dzn,2,data_table06_forb/forumt-14.forb0007.dzn | data_table06_forb/tic-14crafa.forb0007.dzn,2,data_table06_forb/forumt-14.forb0007.dzn | data_table06_forb/tic-14crafa.forb0007.dzn,https://imae.udg.edu/Recerca/LAI/,https://ima.udg.edu/Recerca/lai/b2b/b2b.zip,,2026-08-15T05:12:49+00:00,7200.0,,ee80a6fbd8b513f7c010668495c39621a371266a,True,3.10.12,1.8.dev25,instance-20260810-085803,Linux-6.8.0-1065-gcp-x86_64-with-glibc2.35,x86_64,4,8,15988.055,1,0,/home/g24021555/Business-Meeting-Scheduling-Problem/.venv/bin/python /home/g24021555/Business-Meeting-Scheduling-Problem/src/ORG_BG_D2.py --data-dir data_table06_forb --family all --backend uwrmaxsat --uwrmaxsat-bin /home/g24021555/uwrmaxsat/build/release/bin/uwrmaxsat --uwrmaxsat-sha256 8c68c8a386d3d7847b50d315143c2bab60e3514e59510e84a649db83cb303876 --timeout 7200 --csv output/org_old_bg_d2/data_table06_forb.csv --no-excel,/home/g24021555/uwrmaxsat/build/release/bin/uwrmaxsat,8c68c8a386d3d7847b50d315143c2bab60e3514e59510e84a649db83cb303876,/home/g24021555/uwrmaxsat/build/release/bin/uwrmaxsat -m /tmp/org_bg_1hk7cbaa.wcnf,,,,,UWrMaxSAT,,,,traditional,pairwise+direct,,,,,,,,,,,,
,,,,,,,,,tic-13crafb.forb0007,b2b-4fa7c70b89245b62,b2b-lineage-tic-13crafb,forbidden,ORG-F-PW-DE-PHC-BGD2-UW-OBIC12P,ORGFull,N/A,Pairwise,Direct-E,PerSlotHoleCardinality,BreakGroupsD2,UWrMaxSAT,OldBestIC12+,UNSAT,UNSAT,,,bg_d2,,,,,,,1,0.368154,False,96.652,MaxSAT,ORGHistorical,ORG-Historical-BG-d2,Published-style,Published-style/Full,independent_reimplementation,one-shot weighted MaxSAT,52392,,,,,,,110207,184,110391,1840,50552,274805,47,baseline2__model-org_historical_maxsat__m-full__p-pairwise__g-direct__b-per_slot_hole_cardinality__o-break_groups_d2__s-uwrmaxsat__i-old_best_ic12plus__fairness-d2,baseline2__model-org_historical_maxsat__m-full__p-pairwise__g-direct__b-per_slot_hole_cardinality__o-break_groups_d2__s-uwrmaxsat__i-old_best_ic12plus__fairness-d2,legacy_full,n/a,pairwise,direct,UWrMaxSAT,UWrMaxSAT,binary-sha256:8c68c8a386d3d7847b50d315143c2bab60e3514e59510e84a649db83cb303876,org_historical_bg_d2_old_best,per_slot_hole_cardinality,total_break_groups_subject_to_range_at_most_2,BGD2,OBIC12P,274621,184,1,333,63394,42540,3940,1,184,184,1,,,,,,0,,,,,,,"formalism-specific model size: SAT/MaxSAT reports base CNF and soft clauses, MIP reports variables/linear constraints/nonzeros, and CP reports integer variables plus linear/global constraints; SAT bound/totalizer overhead remains separate in optimizer_added_*",1840,,,1840,,,,,,,,,,0.001928,0.106514,,0.106514,0.259711,"wall-clock from immediately before reading/parsing the .dzn instance through model construction, optimization, solution decoding, and independent validation; excludes worker-process startup and result-file export",,,,,,,peak_process_tree_rss_mb,4fa7c70b89245b622fdf439fff74f209e9f80153704d9421baa6b210956f4878,forb0007,data_table06_forb/tic-13crafb.forb0007.dzn,1,data_table06_forb/tic-13crafb.forb0007.dzn,1,data_table06_forb/tic-13crafb.forb0007.dzn,https://imae.udg.edu/Recerca/LAI/,https://ima.udg.edu/Recerca/lai/b2b/b2b.zip,,2026-08-15T05:12:49+00:00,7200.0,,ee80a6fbd8b513f7c010668495c39621a371266a,True,3.10.12,1.8.dev25,instance-20260810-085803,Linux-6.8.0-1065-gcp-x86_64-with-glibc2.35,x86_64,4,8,15988.055,1,0,/home/g24021555/Business-Meeting-Scheduling-Problem/.venv/bin/python /home/g24021555/Business-Meeting-Scheduling-Problem/src/ORG_BG_D2.py --data-dir data_table06_forb --family all --backend uwrmaxsat --uwrmaxsat-bin /home/g24021555/uwrmaxsat/build/release/bin/uwrmaxsat --uwrmaxsat-sha256 8c68c8a386d3d7847b50d315143c2bab60e3514e59510e84a649db83cb303876 --timeout 7200 --csv output/org_old_bg_d2/data_table06_forb.csv --no-excel,/home/g24021555/uwrmaxsat/build/release/bin/uwrmaxsat,8c68c8a386d3d7847b50d315143c2bab60e3514e59510e84a649db83cb303876,/home/g24021555/uwrmaxsat/build/release/bin/uwrmaxsat -m /tmp/org_bg_i8fpqinm.wcnf,,,,,UWrMaxSAT,,,,traditional,pairwise+direct,,,,,,,,,,,,
,,,,,,,,,forum-13crafc.forb0003,b2b-602195d241378f80,b2b-lineage-forum-13crafc,forbidden,ORG-F-PW-DE-PHC-BGD2-UW-OBIC12P,ORGFull,N/A,Pairwise,Direct-E,PerSlotHoleCardinality,BreakGroupsD2,UWrMaxSAT,OldBestIC12+,OPTIMAL,SAT,1,1,bg_d2,1,1,1,,,1,1,135.458226,False,309.789,MaxSAT,ORGHistorical,ORG-Historical-BG-d2,Published-style,Published-style/Full,independent_reimplementation,one-shot weighted MaxSAT,200226,,,,,,,399835,700,400535,3234,196992,1148929,71,baseline2__model-org_historical_maxsat__m-full__p-pairwise__g-direct__b-per_slot_hole_cardinality__o-break_groups_d2__s-uwrmaxsat__i-old_best_ic12plus__fairness-d2,baseline2__model-org_historical_maxsat__m-full__p-pairwise__g-direct__b-per_slot_hole_cardinality__o-break_groups_d2__s-uwrmaxsat__i-old_best_ic12plus__fairness-d2,legacy_full,n/a,pairwise,direct,UWrMaxSAT,UWrMaxSAT,binary-sha256:8c68c8a386d3d7847b50d315143c2bab60e3514e59510e84a649db83cb303876,org_historical_bg_d2_old_best,per_slot_hole_cardinality,total_break_groups_subject_to_range_at_most_2,BGD2,OBIC12P,1148229,700,1,1056,137712,179821,81246,1,700,700,1,,,,,,0,,,,,,,"formalism-specific model size: SAT/MaxSAT reports base CNF and soft clauses, MIP reports variables/linear constraints/nonzeros, and CP reports integer variables plus linear/global constraints; SAT bound/totalizer overhead remains separate in optimizer_added_*",3234,,,3234,,,,,,,,,,0.001818,0.43003,,0.43003,135.026379,"wall-clock from immediately before reading/parsing the .dzn instance through model construction, optimization, solution decoding, and independent validation; excludes worker-process startup and result-file export",3,3,,1,1,"0,0,0,0,0,0,0,0,0,0,0,0,0,0,0,0,0,0,0,0,0,0,0,0,0,0,0,0,0,0,0,0,0,0,0,0,0,0,0,1,0,0,0,0,0,0,0,0,0,0,0,0,0,0,0,0,0,0,0,0,0,0,0,0,0,0,0,0,0,0",peak_process_tree_rss_mb,602195d241378f80b778c9aec1ba1afde3b4b8b55fb017dd735bd4baf3f0a0e7,forb0003,data_table06_forb/forum-13crafc.forb0003.dzn,2,data_table06_forb/forum-13crafc.forb0003.dzn | data_table06_forb/ticf-13crafc.forb0003.dzn,2,data_table06_forb/forum-13crafc.forb0003.dzn | data_table06_forb/ticf-13crafc.forb0003.dzn,https://imae.udg.edu/Recerca/LAI/,https://ima.udg.edu/Recerca/lai/b2b/b2b.zip,,2026-08-15T05:12:49+00:00,7200.0,,ee80a6fbd8b513f7c010668495c39621a371266a,True,3.10.12,1.8.dev25,instance-20260810-085803,Linux-6.8.0-1065-gcp-x86_64-with-glibc2.35,x86_64,4,8,15988.055,1,0,/home/g24021555/Business-Meeting-Scheduling-Problem/.venv/bin/python /home/g24021555/Business-Meeting-Scheduling-Problem/src/ORG_BG_D2.py --data-dir data_table06_forb --family all --backend uwrmaxsat --uwrmaxsat-bin /home/g24021555/uwrmaxsat/build/release/bin/uwrmaxsat --uwrmaxsat-sha256 8c68c8a386d3d7847b50d315143c2bab60e3514e59510e84a649db83cb303876 --timeout 7200 --csv output/org_old_bg_d2/data_table06_forb.csv --no-excel,/home/g24021555/uwrmaxsat/build/release/bin/uwrmaxsat,8c68c8a386d3d7847b50d315143c2bab60e3514e59510e84a649db83cb303876,/home/g24021555/uwrmaxsat/build/release/bin/uwrmaxsat -m /tmp/org_bg_vfpeqxmy.wcnf,,,,,UWrMaxSAT,,,,traditional,pairwise+direct,1,,,,,,,,,"4,7,5,10,11,6,12,9,8,13,3,2,7,6,0,1,4,5,3,5,2,1,0,4,2,3,9,6,11,12,8,10,7,6,12,9,11,7,10,8,11,12,13,15,14,2,1,0,9,13,10,3,5,2,12,11,4,9,12,11,10,1,6,2,4,5,3,4,8,7,1,10,5,6,2,3,9,8,5,11,10,12,7,3,9,4,6,2,5,10,6,8,3,4,9,7,1,2,11,7,9,12,10,8,8,4,0,6,5,3,2,1,7,5,6,3,1,8,2,0,4,9,8,14,13,12,4,6,10,5,11,3,7,2,8,7,10,4,6,12,9,11,5,3,0,13,1,14,10,7,9,11,12,8",,
,,,,,,,,,tic-12crafc.forb0003,b2b-6a1b93b13d1b6631,b2b-lineage-tic-12crafc,forbidden,ORG-F-PW-DE-PHC-BGD2-UW-OBIC12P,ORGFull,N/A,Pairwise,Direct-E,PerSlotHoleCardinality,BreakGroupsD2,UWrMaxSAT,OldBestIC12+,UNSAT,UNSAT,,,bg_d2,,,,,,,1,0.177702,False,73.129,MaxSAT,ORGHistorical,ORG-Historical-BG-d2,Published-style,Published-style/Full,independent_reimplementation,one-shot weighted MaxSAT,23942,,,,,,,51488,126,51614,1000,22942,127151,43,baseline2__model-org_historical_maxsat__m-full__p-pairwise__g-direct__b-per_slot_hole_cardinality__o-break_groups_d2__s-uwrmaxsat__i-old_best_ic12plus__fairness-d2,baseline2__model-org_historical_maxsat__m-full__p-pairwise__g-direct__b-per_slot_hole_cardinality__o-break_groups_d2__s-uwrmaxsat__i-old_best_ic12plus__fairness-d2,legacy_full,n/a,pairwise,direct,UWrMaxSAT,UWrMaxSAT,binary-sha256:8c68c8a386d3d7847b50d315143c2bab60e3514e59510e84a649db83cb303876,org_historical_bg_d2_old_best,per_slot_hole_cardinality,total_break_groups_subject_to_range_at_most_2,BGD2,OBIC12P,127025,126,1,242,30636,18943,1667,1,126,126,1,,,,,,0,,,,,,,"formalism-specific model size: SAT/MaxSAT reports base CNF and soft clauses, MIP reports variables/linear constraints/nonzeros, and CP reports integer variables plus linear/global constraints; SAT bound/totalizer overhead remains separate in optimizer_added_*",1000,,,1000,,,,,,,,,,0.001428,0.05434,,0.05434,0.121934,"wall-clock from immediately before reading/parsing the .dzn instance through model construction, optimization, solution decoding, and independent validation; excludes worker-process startup and result-file export",,,,,,,peak_process_tree_rss_mb,6a1b93b13d1b6631a23d477c882a2a5cb3ba1113c9911853836349d173490d61,forb0003,data_table06_forb/tic-12crafc.forb0003.dzn,1,data_table06_forb/tic-12crafc.forb0003.dzn,1,data_table06_forb/tic-12crafc.forb0003.dzn,https://imae.udg.edu/Recerca/LAI/,https://ima.udg.edu/Recerca/lai/b2b/b2b.zip,,2026-08-15T05:12:49+00:00,7200.0,,ee80a6fbd8b513f7c010668495c39621a371266a,True,3.10.12,1.8.dev25,instance-20260810-085803,Linux-6.8.0-1065-gcp-x86_64-with-glibc2.35,x86_64,4,8,15988.055,1,0,/home/g24021555/Business-Meeting-Scheduling-Problem/.venv/bin/python /home/g24021555/Business-Meeting-Scheduling-Problem/src/ORG_BG_D2.py --data-dir data_table06_forb --family all --backend uwrmaxsat --uwrmaxsat-bin /home/g24021555/uwrmaxsat/build/release/bin/uwrmaxsat --uwrmaxsat-sha256 8c68c8a386d3d7847b50d315143c2bab60e3514e59510e84a649db83cb303876 --timeout 7200 --csv output/org_old_bg_d2/data_table06_forb.csv --no-excel,/home/g24021555/uwrmaxsat/build/release/bin/uwrmaxsat,8c68c8a386d3d7847b50d315143c2bab60e3514e59510e84a649db83cb303876,/home/g24021555/uwrmaxsat/build/release/bin/uwrmaxsat -m /tmp/org_bg_1bc444yd.wcnf,,,,,UWrMaxSAT,,,,traditional,pairwise+direct,,,,,,,,,,,,
,,,,,,,,,tic-12crafc.forb0007,b2b-73b3784d08c0e73c,b2b-lineage-tic-12crafc,forbidden,ORG-F-PW-DE-PHC-BGD2-UW-OBIC12P,ORGFull,N/A,Pairwise,Direct-E,PerSlotHoleCardinality,BreakGroupsD2,UWrMaxSAT,OldBestIC12+,UNSAT,UNSAT,,,bg_d2,,,,,,,1,0.168656,False,73.129,MaxSAT,ORGHistorical,ORG-Historical-BG-d2,Published-style,Published-style/Full,independent_reimplementation,one-shot weighted MaxSAT,23942,,,,,,,51496,126,51622,1000,22942,127159,43,baseline2__model-org_historical_maxsat__m-full__p-pairwise__g-direct__b-per_slot_hole_cardinality__o-break_groups_d2__s-uwrmaxsat__i-old_best_ic12plus__fairness-d2,baseline2__model-org_historical_maxsat__m-full__p-pairwise__g-direct__b-per_slot_hole_cardinality__o-break_groups_d2__s-uwrmaxsat__i-old_best_ic12plus__fairness-d2,legacy_full,n/a,pairwise,direct,UWrMaxSAT,UWrMaxSAT,binary-sha256:8c68c8a386d3d7847b50d315143c2bab60e3514e59510e84a649db83cb303876,org_historical_bg_d2_old_best,per_slot_hole_cardinality,total_break_groups_subject_to_range_at_most_2,BGD2,OBIC12P,127033,126,1,250,30636,18943,1667,1,126,126,1,,,,,,0,,,,,,,"formalism-specific model size: SAT/MaxSAT reports base CNF and soft clauses, MIP reports variables/linear constraints/nonzeros, and CP reports integer variables plus linear/global constraints; SAT bound/totalizer overhead remains separate in optimizer_added_*",1000,,,1000,,,,,,,,,,0.001389,0.050552,,0.050552,0.116715,"wall-clock from immediately before reading/parsing the .dzn instance through model construction, optimization, solution decoding, and independent validation; excludes worker-process startup and result-file export",,,,,,,peak_process_tree_rss_mb,73b3784d08c0e73c6dd49aa054796fb507945f2a7cddae90222a06594ba0dac5,forb0007,data_table06_forb/tic-12crafc.forb0007.dzn,1,data_table06_forb/tic-12crafc.forb0007.dzn,1,data_table06_forb/tic-12crafc.forb0007.dzn,https://imae.udg.edu/Recerca/LAI/,https://ima.udg.edu/Recerca/lai/b2b/b2b.zip,,2026-08-15T05:12:49+00:00,7200.0,,ee80a6fbd8b513f7c010668495c39621a371266a,True,3.10.12,1.8.dev25,instance-20260810-085803,Linux-6.8.0-1065-gcp-x86_64-with-glibc2.35,x86_64,4,8,15988.055,1,0,/home/g24021555/Business-Meeting-Scheduling-Problem/.venv/bin/python /home/g24021555/Business-Meeting-Scheduling-Problem/src/ORG_BG_D2.py --data-dir data_table06_forb --family all --backend uwrmaxsat --uwrmaxsat-bin /home/g24021555/uwrmaxsat/build/release/bin/uwrmaxsat --uwrmaxsat-sha256 8c68c8a386d3d7847b50d315143c2bab60e3514e59510e84a649db83cb303876 --timeout 7200 --csv output/org_old_bg_d2/data_table06_forb.csv --no-excel,/home/g24021555/uwrmaxsat/build/release/bin/uwrmaxsat,8c68c8a386d3d7847b50d315143c2bab60e3514e59510e84a649db83cb303876,/home/g24021555/uwrmaxsat/build/release/bin/uwrmaxsat -m /tmp/org_bg_9zliut20.wcnf,,,,,UWrMaxSAT,,,,traditional,pairwise+direct,,,,,,,,,,,,
,,,,,,,,,tic-12.forb0003,b2b-84ec011d0463f3ce,b2b-lineage-tic-12,forbidden,ORG-F-PW-DE-PHC-BGD2-UW-OBIC12P,ORGFull,N/A,Pairwise,Direct-E,PerSlotHoleCardinality,BreakGroupsD2,UWrMaxSAT,OldBestIC12+,UNSAT,UNSAT,,,bg_d2,,,,,,,1,0.182909,False,73.129,MaxSAT,ORGHistorical,ORG-Historical-BG-d2,Published-style,Published-style/Full,independent_reimplementation,one-shot weighted MaxSAT,24902,,,,,,,53504,126,53630,1000,23902,132263,43,baseline2__model-org_historical_maxsat__m-full__p-pairwise__g-direct__b-per_slot_hole_cardinality__o-break_groups_d2__s-uwrmaxsat__i-old_best_ic12plus__fairness-d2,baseline2__model-org_historical_maxsat__m-full__p-pairwise__g-direct__b-per_slot_hole_cardinality__o-break_groups_d2__s-uwrmaxsat__i-old_best_ic12plus__fairness-d2,legacy_full,n/a,pairwise,direct,UWrMaxSAT,UWrMaxSAT,binary-sha256:8c68c8a386d3d7847b50d315143c2bab60e3514e59510e84a649db83cb303876,org_historical_bg_d2_old_best,per_slot_hole_cardinality,total_break_groups_subject_to_range_at_most_2,BGD2,OBIC12P,132137,126,1,242,31572,20023,1667,1,126,126,1,,,,,,0,,,,,,,"formalism-specific model size: SAT/MaxSAT reports base CNF and soft clauses, MIP reports variables/linear constraints/nonzeros, and CP reports integer variables plus linear/global constraints; SAT bound/totalizer overhead remains separate in optimizer_added_*",1000,,,1000,,,,,,,,,,0.001323,0.052547,,0.052547,0.129039,"wall-clock from immediately before reading/parsing the .dzn instance through model construction, optimization, solution decoding, and independent validation; excludes worker-process startup and result-file export",,,,,,,peak_process_tree_rss_mb,84ec011d0463f3cee2bd2f333cafa4285625b1510f0ee3a2e8ab33e157e26f54,forb0003,data_table06_forb/tic-12.forb0003.dzn,1,data_table06_forb/tic-12.forb0003.dzn,1,data_table06_forb/tic-12.forb0003.dzn,https://imae.udg.edu/Recerca/LAI/,https://ima.udg.edu/Recerca/lai/b2b/b2b.zip,,2026-08-15T05:12:49+00:00,7200.0,,ee80a6fbd8b513f7c010668495c39621a371266a,True,3.10.12,1.8.dev25,instance-20260810-085803,Linux-6.8.0-1065-gcp-x86_64-with-glibc2.35,x86_64,4,8,15988.055,1,0,/home/g24021555/Business-Meeting-Scheduling-Problem/.venv/bin/python /home/g24021555/Business-Meeting-Scheduling-Problem/src/ORG_BG_D2.py --data-dir data_table06_forb --family all --backend uwrmaxsat --uwrmaxsat-bin /home/g24021555/uwrmaxsat/build/release/bin/uwrmaxsat --uwrmaxsat-sha256 8c68c8a386d3d7847b50d315143c2bab60e3514e59510e84a649db83cb303876 --timeout 7200 --csv output/org_old_bg_d2/data_table06_forb.csv --no-excel,/home/g24021555/uwrmaxsat/build/release/bin/uwrmaxsat,8c68c8a386d3d7847b50d315143c2bab60e3514e59510e84a649db83cb303876,/home/g24021555/uwrmaxsat/build/release/bin/uwrmaxsat -m /tmp/org_bg_xdgbn9di.wcnf,,,,,UWrMaxSAT,,,,traditional,pairwise+direct,,,,,,,,,,,,
,,,,,,,,,forum-13.forb0003,b2b-86c3fb70b217e535,b2b-lineage-forum-13,forbidden,ORG-F-PW-DE-PHC-BGD2-UW-OBIC12P,ORGFull,N/A,Pairwise,Direct-E,PerSlotHoleCardinality,BreakGroupsD2,UWrMaxSAT,OldBestIC12+,OPTIMAL,SAT,0,0,bg_d2,0,0,0,,,0,1,14.480468,False,314.996,MaxSAT,ORGHistorical,ORG-Historical-BG-d2,Published-style,Published-style/Full,independent_reimplementation,one-shot weighted MaxSAT,207114,,,,,,,413359,700,414059,3234,203880,1182991,71,baseline2__model-org_historical_maxsat__m-full__p-pairwise__g-direct__b-per_slot_hole_cardinality__o-break_groups_d2__s-uwrmaxsat__i-old_best_ic12plus__fairness-d2,baseline2__model-org_historical_maxsat__m-full__p-pairwise__g-direct__b-per_slot_hole_cardinality__o-break_groups_d2__s-uwrmaxsat__i-old_best_ic12plus__fairness-d2,legacy_full,n/a,pairwise,direct,UWrMaxSAT,UWrMaxSAT,binary-sha256:8c68c8a386d3d7847b50d315143c2bab60e3514e59510e84a649db83cb303876,org_historical_bg_d2_old_best,per_slot_hole_cardinality,total_break_groups_subject_to_range_at_most_2,BGD2,OBIC12P,1182291,700,1,1056,144222,186835,81246,1,700,700,1,,,,,,0,,,,,,,"formalism-specific model size: SAT/MaxSAT reports base CNF and soft clauses, MIP reports variables/linear constraints/nonzeros, and CP reports integer variables plus linear/global constraints; SAT bound/totalizer overhead remains separate in optimizer_added_*",3234,,,3234,,,,,,,,,,0.001742,0.434399,,0.434399,14.044327,"wall-clock from immediately before reading/parsing the .dzn instance through model construction, optimization, solution decoding, and independent validation; excludes worker-process startup and result-file export",0,0,,0,0,"0,0,0,0,0,0,0,0,0,0,0,0,0,0,0,0,0,0,0,0,0,0,0,0,0,0,0,0,0,0,0,0,0,0,0,0,0,0,0,0,0,0,0,0,0,0,0,0,0,0,0,0,0,0,0,0,0,0,0,0,0,0,0,0,0,0,0,0,0,0",peak_process_tree_rss_mb,86c3fb70b217e535b344f6045cbf3e122be256f047e04a7bc4e9f1a0c2e0e4dd,forb0003,data_table06_forb/forum-13.forb0003.dzn,2,data_table06_forb/forum-13.forb0003.dzn | data_table06_forb/ticf-13crafa.forb0003.dzn,2,data_table06_forb/forum-13.forb0003.dzn | data_table06_forb/ticf-13crafa.forb0003.dzn,https://imae.udg.edu/Recerca/LAI/,https://ima.udg.edu/Recerca/lai/b2b/b2b.zip,,2026-08-15T05:12:49+00:00,7200.0,,ee80a6fbd8b513f7c010668495c39621a371266a,True,3.10.12,1.8.dev25,instance-20260810-085803,Linux-6.8.0-1065-gcp-x86_64-with-glibc2.35,x86_64,4,8,15988.055,1,0,/home/g24021555/Business-Meeting-Scheduling-Problem/.venv/bin/python /home/g24021555/Business-Meeting-Scheduling-Problem/src/ORG_BG_D2.py --data-dir data_table06_forb --family all --backend uwrmaxsat --uwrmaxsat-bin /home/g24021555/uwrmaxsat/build/release/bin/uwrmaxsat --uwrmaxsat-sha256 8c68c8a386d3d7847b50d315143c2bab60e3514e59510e84a649db83cb303876 --timeout 7200 --csv output/org_old_bg_d2/data_table06_forb.csv --no-excel,/home/g24021555/uwrmaxsat/build/release/bin/uwrmaxsat,8c68c8a386d3d7847b50d315143c2bab60e3514e59510e84a649db83cb303876,/home/g24021555/uwrmaxsat/build/release/bin/uwrmaxsat -m /tmp/org_bg_thz5u80s.wcnf,,,,,UWrMaxSAT,,,,traditional,pairwise+direct,0,,,,,,,,,"5,10,11,9,12,4,8,6,7,13,6,7,8,1,4,5,2,3,6,5,1,4,3,2,4,3,9,10,7,11,6,12,8,7,8,10,11,5,9,6,11,12,13,15,14,4,2,0,7,9,8,5,4,6,11,10,3,9,12,10,11,5,5,4,2,6,3,12,7,10,9,8,6,5,11,4,3,8,5,11,10,12,4,7,9,2,6,3,7,8,6,9,2,5,10,3,1,4,12,7,9,11,10,8,9,3,8,4,6,1,2,5,7,4,5,1,9,2,8,7,3,10,2,11,13,12,5,3,4,8,9,7,6,4,11,13,8,1,7,14,2,6,5,3,10,12,9,0,9,8,10,11,7,6",,
,,,,,,,,,forumt-14.forb0003,b2b-914fbce8ca06e323,b2b-lineage-forumt-14,forbidden,ORG-F-PW-DE-PHC-BGD2-UW-OBIC12P,ORGFull,N/A,Pairwise,Direct-E,PerSlotHoleCardinality,BreakGroupsD2,UWrMaxSAT,OldBestIC12+,OPTIMAL,SAT,0,0,bg_d2,0,0,0,,,0,1,1.252605,False,159.871,MaxSAT,ORGHistorical,ORG-Historical-BG-d2,Published-style,Published-style/Full,independent_reimplementation,one-shot weighted MaxSAT,81817,,,,,,,170281,240,170521,2370,79447,424804,61,baseline2__model-org_historical_maxsat__m-full__p-pairwise__g-direct__b-per_slot_hole_cardinality__o-break_groups_d2__s-uwrmaxsat__i-old_best_ic12plus__fairness-d2,baseline2__model-org_historical_maxsat__m-full__p-pairwise__g-direct__b-per_slot_hole_cardinality__o-break_groups_d2__s-uwrmaxsat__i-old_best_ic12plus__fairness-d2,legacy_full,n/a,pairwise,direct,UWrMaxSAT,UWrMaxSAT,binary-sha256:8c68c8a386d3d7847b50d315143c2bab60e3514e59510e84a649db83cb303876,org_historical_bg_d2_old_best,per_slot_hole_cardinality,total_break_groups_subject_to_range_at_most_2,BGD2,OBIC12P,424564,240,1,392,95890,68838,5161,1,240,240,1,,,,,,0,,,,,,,"formalism-specific model size: SAT/MaxSAT reports base CNF and soft clauses, MIP reports variables/linear constraints/nonzeros, and CP reports integer variables plus linear/global constraints; SAT bound/totalizer overhead remains separate in optimizer_added_*",2370,,,2370,,,,,,,,,,0.002457,0.16509,,0.16509,1.085058,"wall-clock from immediately before reading/parsing the .dzn instance through model construction, optimization, solution decoding, and independent validation; excludes worker-process startup and result-file export",0,0,,0,0,"0,0,0,0,0,0,0,0,0,0,0,0,0,0,0,0,0,0,0,0,0,0,0,0,0,0,0,0,0,0,0,0,0,0,0,0,0,0,0,0,0,0,0,0,0,0,0,0,0,0,0,0,0,0,0,0,0,0,0,0",peak_process_tree_rss_mb,914fbce8ca06e3233a0f6dcdad07dd221935aa429136a0ec130768a8a4a067bd,forb0003,data_table06_forb/forumt-14.forb0003.dzn,2,data_table06_forb/forumt-14.forb0003.dzn | data_table06_forb/tic-14crafa.forb0003.dzn,2,data_table06_forb/forumt-14.forb0003.dzn | data_table06_forb/tic-14crafa.forb0003.dzn,https://imae.udg.edu/Recerca/LAI/,https://ima.udg.edu/Recerca/lai/b2b/b2b.zip,,2026-08-15T05:12:49+00:00,7200.0,,ee80a6fbd8b513f7c010668495c39621a371266a,True,3.10.12,1.8.dev25,instance-20260810-085803,Linux-6.8.0-1065-gcp-x86_64-with-glibc2.35,x86_64,4,8,15988.055,1,0,/home/g24021555/Business-Meeting-Scheduling-Problem/.venv/bin/python /home/g24021555/Business-Meeting-Scheduling-Problem/src/ORG_BG_D2.py --data-dir data_table06_forb --family all --backend uwrmaxsat --uwrmaxsat-bin /home/g24021555/uwrmaxsat/build/release/bin/uwrmaxsat --uwrmaxsat-sha256 8c68c8a386d3d7847b50d315143c2bab60e3514e59510e84a649db83cb303876 --timeout 7200 --csv output/org_old_bg_d2/data_table06_forb.csv --no-excel,/home/g24021555/uwrmaxsat/build/release/bin/uwrmaxsat,8c68c8a386d3d7847b50d315143c2bab60e3514e59510e84a649db83cb303876,/home/g24021555/uwrmaxsat/build/release/bin/uwrmaxsat -m /tmp/org_bg_a2n13xe9.wcnf,,,,,UWrMaxSAT,,,,traditional,pairwise+direct,0,,,,,,,,,"0,1,2,3,4,5,6,7,0,0,0,1,6,3,4,5,2,7,0,9,1,2,3,0,1,2,3,4,1,2,0,1,9,3,1,0,3,4,2,0,3,0,1,2,6,4,5,2,4,0,1,3,5,3,1,4,8,7,2,0,6,2,0,6,1,3,4,8,9,7,0,3,4,7,6,8,1,8,0,4,3,5,6,2,9,7,4,5,8,7,9,6,4,3,7,6,5,9,5,1,6,8,2,7,4,7,6,9,2,6,7,8,9,3,8,0,5,7,9,6,4,6,5,4,8,6,2,5,7,4,7,1,2,1,9,5,8,6,7,4,3,1,8,9,0,2,8,5,2,3,7,1,0,9,5,8,3,6,2,4,0,6,4,3,8,7,2,5,9,1,6,7,5,9,4,8,3,1,6,2,1,3,8,6,9,5,3,2,6,4,5,7,7,7,4,8,1,3,9,5,5,7,5,8,4,2,0,3,6,9,4,3,8,5,2,2,5,2,9,8,4,3,0,5,2,7,1,6,4,6,1,3,5,4,1,2,3",,
,,,,,,,,,tic-13crafc.forb0007,b2b-9941602cc38f4c9a,b2b-lineage-tic-13crafc,forbidden,ORG-F-PW-DE-PHC-BGD2-UW-OBIC12P,ORGFull,N/A,Pairwise,Direct-E,PerSlotHoleCardinality,BreakGroupsD2,UWrMaxSAT,OldBestIC12+,UNSAT,UNSAT,,,bg_d2,,,,,,,1,0.365824,False,102.781,MaxSAT,ORGHistorical,ORG-Historical-BG-d2,Published-style,Published-style/Full,independent_reimplementation,one-shot weighted MaxSAT,51659,,,,,,,108089,188,108277,1800,49859,269443,48,baseline2__model-org_historical_maxsat__m-full__p-pairwise__g-direct__b-per_slot_hole_cardinality__o-break_groups_d2__s-uwrmaxsat__i-old_best_ic12plus__fairness-d2,baseline2__model-org_historical_maxsat__m-full__p-pairwise__g-direct__b-per_slot_hole_cardinality__o-break_groups_d2__s-uwrmaxsat__i-old_best_ic12plus__fairness-d2,legacy_full,n/a,pairwise,direct,UWrMaxSAT,UWrMaxSAT,binary-sha256:8c68c8a386d3d7847b50d315143c2bab60e3514e59510e84a649db83cb303876,org_historical_bg_d2_old_best,per_slot_hole_cardinality,total_break_groups_subject_to_range_at_most_2,BGD2,OBIC12P,269255,188,1,312,62423,41325,4029,1,188,188,1,,,,,,0,,,,,,,"formalism-specific model size: SAT/MaxSAT reports base CNF and soft clauses, MIP reports variables/linear constraints/nonzeros, and CP reports integer variables plus linear/global constraints; SAT bound/totalizer overhead remains separate in optimizer_added_*",1800,,,1800,,,,,,,,,,0.00189,0.108119,,0.108119,0.255815,"wall-clock from immediately before reading/parsing the .dzn instance through model construction, optimization, solution decoding, and independent validation; excludes worker-process startup and result-file export",,,,,,,peak_process_tree_rss_mb,9941602cc38f4c9ac6735c7764cbbd83f4c994da4e31402742629d1aacab42ce,forb0007,data_table06_forb/tic-13crafc.forb0007.dzn,1,data_table06_forb/tic-13crafc.forb0007.dzn,1,data_table06_forb/tic-13crafc.forb0007.dzn,https://imae.udg.edu/Recerca/LAI/,https://ima.udg.edu/Recerca/lai/b2b/b2b.zip,,2026-08-15T05:12:49+00:00,7200.0,,ee80a6fbd8b513f7c010668495c39621a371266a,True,3.10.12,1.8.dev25,instance-20260810-085803,Linux-6.8.0-1065-gcp-x86_64-with-glibc2.35,x86_64,4,8,15988.055,1,0,/home/g24021555/Business-Meeting-Scheduling-Problem/.venv/bin/python /home/g24021555/Business-Meeting-Scheduling-Problem/src/ORG_BG_D2.py --data-dir data_table06_forb --family all --backend uwrmaxsat --uwrmaxsat-bin /home/g24021555/uwrmaxsat/build/release/bin/uwrmaxsat --uwrmaxsat-sha256 8c68c8a386d3d7847b50d315143c2bab60e3514e59510e84a649db83cb303876 --timeout 7200 --csv output/org_old_bg_d2/data_table06_forb.csv --no-excel,/home/g24021555/uwrmaxsat/build/release/bin/uwrmaxsat,8c68c8a386d3d7847b50d315143c2bab60e3514e59510e84a649db83cb303876,/home/g24021555/uwrmaxsat/build/release/bin/uwrmaxsat -m /tmp/org_bg_gsfkpt1s.wcnf,,,,,UWrMaxSAT,,,,traditional,pairwise+direct,,,,,,,,,,,,
,,,,,,,,,forumt-14crafc.forb0007,b2b-9ca554a8cfe9d1ab,b2b-lineage-forumt-14crafc,forbidden,ORG-F-PW-DE-PHC-BGD2-UW-OBIC12P,ORGFull,N/A,Pairwise,Direct-E,PerSlotHoleCardinality,BreakGroupsD2,UWrMaxSAT,OldBestIC12+,UNSAT,UNSAT,,,bg_d2,,,,,,,1,0.569132,False,122.84,MaxSAT,ORGHistorical,ORG-Historical-BG-d2,Published-style,Published-style/Full,independent_reimplementation,one-shot weighted MaxSAT,79877,,,,,,,166543,240,166783,2370,77507,415306,61,baseline2__model-org_historical_maxsat__m-full__p-pairwise__g-direct__b-per_slot_hole_cardinality__o-break_groups_d2__s-uwrmaxsat__i-old_best_ic12plus__fairness-d2,baseline2__model-org_historical_maxsat__m-full__p-pairwise__g-direct__b-per_slot_hole_cardinality__o-break_groups_d2__s-uwrmaxsat__i-old_best_ic12plus__fairness-d2,legacy_full,n/a,pairwise,direct,UWrMaxSAT,UWrMaxSAT,binary-sha256:8c68c8a386d3d7847b50d315143c2bab60e3514e59510e84a649db83cb303876,org_historical_bg_d2_old_best,per_slot_hole_cardinality,total_break_groups_subject_to_range_at_most_2,BGD2,OBIC12P,415066,240,1,414,94130,66838,5161,1,240,240,1,,,,,,0,,,,,,,"formalism-specific model size: SAT/MaxSAT reports base CNF and soft clauses, MIP reports variables/linear constraints/nonzeros, and CP reports integer variables plus linear/global constraints; SAT bound/totalizer overhead remains separate in optimizer_added_*",2370,,,2370,,,,,,,,,,0.002437,0.161495,,0.161495,0.4052,"wall-clock from immediately before reading/parsing the .dzn instance through model construction, optimization, solution decoding, and independent validation; excludes worker-process startup and result-file export",,,,,,,peak_process_tree_rss_mb,9ca554a8cfe9d1ab832ef80dab71f6da620952bbdd7dfe9198e1b527d9de5441,forb0007,data_table06_forb/forumt-14crafc.forb0007.dzn,2,data_table06_forb/forumt-14crafc.forb0007.dzn | data_table06_forb/tic-14crafc.forb0007.dzn,2,data_table06_forb/forumt-14crafc.forb0007.dzn | data_table06_forb/tic-14crafc.forb0007.dzn,https://imae.udg.edu/Recerca/LAI/,https://ima.udg.edu/Recerca/lai/b2b/b2b.zip,,2026-08-15T05:12:49+00:00,7200.0,,ee80a6fbd8b513f7c010668495c39621a371266a,True,3.10.12,1.8.dev25,instance-20260810-085803,Linux-6.8.0-1065-gcp-x86_64-with-glibc2.35,x86_64,4,8,15988.055,1,0,/home/g24021555/Business-Meeting-Scheduling-Problem/.venv/bin/python /home/g24021555/Business-Meeting-Scheduling-Problem/src/ORG_BG_D2.py --data-dir data_table06_forb --family all --backend uwrmaxsat --uwrmaxsat-bin /home/g24021555/uwrmaxsat/build/release/bin/uwrmaxsat --uwrmaxsat-sha256 8c68c8a386d3d7847b50d315143c2bab60e3514e59510e84a649db83cb303876 --timeout 7200 --csv output/org_old_bg_d2/data_table06_forb.csv --no-excel,/home/g24021555/uwrmaxsat/build/release/bin/uwrmaxsat,8c68c8a386d3d7847b50d315143c2bab60e3514e59510e84a649db83cb303876,/home/g24021555/uwrmaxsat/build/release/bin/uwrmaxsat -m /tmp/org_bg_qf46d15o.wcnf,,,,,UWrMaxSAT,,,,traditional,pairwise+direct,,,,,,,,,,,,
,,,,,,,,,forum-14.forb0003,b2b-9f40198b940d15c1,b2b-lineage-forum-14,forbidden,ORG-F-PW-DE-PHC-BGD2-UW-OBIC12P,ORGFull,N/A,Pairwise,Direct-E,PerSlotHoleCardinality,BreakGroupsD2,UWrMaxSAT,OldBestIC12+,OPTIMAL,SAT,0,0,bg_d2,0,0,0,,,0,1,9.358431,False,531.82,MaxSAT,ORGHistorical,ORG-Historical-BG-d2,Published-style,Published-style/Full,independent_reimplementation,one-shot weighted MaxSAT,352704,,,,,,,712251,780,713031,6644,346060,1948849,79,baseline2__model-org_historical_maxsat__m-full__p-pairwise__g-direct__b-per_slot_hole_cardinality__o-break_groups_d2__s-uwrmaxsat__i-old_best_ic12plus__fairness-d2,baseline2__model-org_historical_maxsat__m-full__p-pairwise__g-direct__b-per_slot_hole_cardinality__o-break_groups_d2__s-uwrmaxsat__i-old_best_ic12plus__fairness-d2,legacy_full,n/a,pairwise,direct,UWrMaxSAT,UWrMaxSAT,binary-sha256:8c68c8a386d3d7847b50d315143c2bab60e3514e59510e84a649db83cb303876,org_historical_bg_d2_old_best,per_slot_hole_cardinality,total_break_groups_subject_to_range_at_most_2,BGD2,OBIC12P,1948069,780,1,1158,300672,312391,98030,1,780,780,1,,,,,,0,,,,,,,"formalism-specific model size: SAT/MaxSAT reports base CNF and soft clauses, MIP reports variables/linear constraints/nonzeros, and CP reports integer variables plus linear/global constraints; SAT bound/totalizer overhead remains separate in optimizer_added_*",6644,,,6644,,,,,,,,,,0.003093,0.791589,,0.791589,8.563749,"wall-clock from immediately before reading/parsing the .dzn instance through model construction, optimization, solution decoding, and independent validation; excludes worker-process startup and result-file export",0,0,,0,0,"0,0,0,0,0,0,0,0,0,0,0,0,0,0,0,0,0,0,0,0,0,0,0,0,0,0,0,0,0,0,0,0,0,0,0,0,0,0,0,0,0,0,0,0,0,0,0,0,0,0,0,0,0,0,0,0,0,0,0,0,0,0,0,0,0,0,0,0,0,0,0,0,0,0,0,0,0,0",peak_process_tree_rss_mb,9f40198b940d15c1288198ac8af360d3679d0c7c34dd44180c705cdcfe9430c4,forb0003,data_table06_forb/forum-14.forb0003.dzn,2,data_table06_forb/forum-14.forb0003.dzn | data_table06_forb/ticf-14crafa.forb0003.dzn,2,data_table06_forb/forum-14.forb0003.dzn | data_table06_forb/ticf-14crafa.forb0003.dzn,https://imae.udg.edu/Recerca/LAI/,https://ima.udg.edu/Recerca/lai/b2b/b2b.zip,,2026-08-15T05:12:49+00:00,7200.0,,ee80a6fbd8b513f7c010668495c39621a371266a,True,3.10.12,1.8.dev25,instance-20260810-085803,Linux-6.8.0-1065-gcp-x86_64-with-glibc2.35,x86_64,4,8,15988.055,1,0,/home/g24021555/Business-Meeting-Scheduling-Problem/.venv/bin/python /home/g24021555/Business-Meeting-Scheduling-Problem/src/ORG_BG_D2.py --data-dir data_table06_forb --family all --backend uwrmaxsat --uwrmaxsat-bin /home/g24021555/uwrmaxsat/build/release/bin/uwrmaxsat --uwrmaxsat-sha256 8c68c8a386d3d7847b50d315143c2bab60e3514e59510e84a649db83cb303876 --timeout 7200 --csv output/org_old_bg_d2/data_table06_forb.csv --no-excel,/home/g24021555/uwrmaxsat/build/release/bin/uwrmaxsat,8c68c8a386d3d7847b50d315143c2bab60e3514e59510e84a649db83cb303876,/home/g24021555/uwrmaxsat/build/release/bin/uwrmaxsat -m /tmp/org_bg_73cav2gg.wcnf,,,,,UWrMaxSAT,,,,traditional,pairwise+direct,0,,,,,,,,,"5,7,2,12,13,14,18,14,13,15,12,3,5,9,11,6,7,8,10,4,10,8,9,8,3,4,7,13,16,14,10,8,17,9,5,19,7,4,3,16,13,12,6,12,11,15,6,17,18,7,13,10,8,5,3,11,7,11,5,9,10,3,4,15,17,14,12,20,13,18,12,14,17,16,15,6,4,20,5,10,7,14,8,16,19,18,13,16,8,12,15,10,7,11,11,9,10,13,11,9,16,11,17,15,14,9,10,13,8,12,13,10,14,9,8,6,2,9,10,4,11,8,5,3,2,5,6,9,7,4,10,19,16,12,13,17,11,15,14,9,6,6,5,6,1,8,3,4,2,4,15,12,5,7,16,13,6,11,9,14,12,9,10,20,19,7,21,6,18,14,15,8,12,17,0,6,14,12,10,5,8,1,11,3,9,14,16,12,9,13,15,10,11,8,10,9,11,7,11,16,10,14,17,15,13,12,3,9,4,13,11,12,7,10,5,6,8,20,19,1,4,7,11,2,6,18,21,17,13,9,10,8,3,12,16,15,5,14,0,4,15,13,14,10,12,8,6,13,5,9,11,7,7,9,5,4,8,6,9,6,3,11,4,7,0,8,5,1,10,2,11,12,14,15,13,4,2,6,7,1,0,8,3,13,12,15,14,13,12,11,9,8,6,10,0,4,1,5,11,2,3,7",,
,,,,,,,,,forum-14.forb0007,b2b-ae5d9496030cf4c6,b2b-lineage-forum-14,forbidden,ORG-F-PW-DE-PHC-BGD2-UW-OBIC12P,ORGFull,N/A,Pairwise,Direct-E,PerSlotHoleCardinality,BreakGroupsD2,UWrMaxSAT,OldBestIC12+,UNSAT,UNSAT,,,bg_d2,,,,,,,1,2.613753,False,374.684,MaxSAT,ORGHistorical,ORG-Historical-BG-d2,Published-style,Published-style/Full,independent_reimplementation,one-shot weighted MaxSAT,352704,,,,,,,712323,780,713103,6644,346060,1948921,79,baseline2__model-org_historical_maxsat__m-full__p-pairwise__g-direct__b-per_slot_hole_cardinality__o-break_groups_d2__s-uwrmaxsat__i-old_best_ic12plus__fairness-d2,baseline2__model-org_historical_maxsat__m-full__p-pairwise__g-direct__b-per_slot_hole_cardinality__o-break_groups_d2__s-uwrmaxsat__i-old_best_ic12plus__fairness-d2,legacy_full,n/a,pairwise,direct,UWrMaxSAT,UWrMaxSAT,binary-sha256:8c68c8a386d3d7847b50d315143c2bab60e3514e59510e84a649db83cb303876,org_historical_bg_d2_old_best,per_slot_hole_cardinality,total_break_groups_subject_to_range_at_most_2,BGD2,OBIC12P,1948141,780,1,1230,300672,312391,98030,1,780,780,1,,,,,,0,,,,,,,"formalism-specific model size: SAT/MaxSAT reports base CNF and soft clauses, MIP reports variables/linear constraints/nonzeros, and CP reports integer variables plus linear/global constraints; SAT bound/totalizer overhead remains separate in optimizer_added_*",6644,,,6644,,,,,,,,,,0.003136,0.78761,,0.78761,1.823007,"wall-clock from immediately before reading/parsing the .dzn instance through model construction, optimization, solution decoding, and independent validation; excludes worker-process startup and result-file export",,,,,,,peak_process_tree_rss_mb,ae5d9496030cf4c6b1ac6debe184b053977ae4588fefb961961e65a1c2e9e092,forb0007,data_table06_forb/forum-14.forb0007.dzn,2,data_table06_forb/forum-14.forb0007.dzn | data_table06_forb/ticf-14crafa.forb0007.dzn,2,data_table06_forb/forum-14.forb0007.dzn | data_table06_forb/ticf-14crafa.forb0007.dzn,https://imae.udg.edu/Recerca/LAI/,https://ima.udg.edu/Recerca/lai/b2b/b2b.zip,,2026-08-15T05:12:49+00:00,7200.0,,ee80a6fbd8b513f7c010668495c39621a371266a,True,3.10.12,1.8.dev25,instance-20260810-085803,Linux-6.8.0-1065-gcp-x86_64-with-glibc2.35,x86_64,4,8,15988.055,1,0,/home/g24021555/Business-Meeting-Scheduling-Problem/.venv/bin/python /home/g24021555/Business-Meeting-Scheduling-Problem/src/ORG_BG_D2.py --data-dir data_table06_forb --family all --backend uwrmaxsat --uwrmaxsat-bin /home/g24021555/uwrmaxsat/build/release/bin/uwrmaxsat --uwrmaxsat-sha256 8c68c8a386d3d7847b50d315143c2bab60e3514e59510e84a649db83cb303876 --timeout 7200 --csv output/org_old_bg_d2/data_table06_forb.csv --no-excel,/home/g24021555/uwrmaxsat/build/release/bin/uwrmaxsat,8c68c8a386d3d7847b50d315143c2bab60e3514e59510e84a649db83cb303876,/home/g24021555/uwrmaxsat/build/release/bin/uwrmaxsat -m /tmp/org_bg_voezviog.wcnf,,,,,UWrMaxSAT,,,,traditional,pairwise+direct,,,,,,,,,,,,
,,,,,,,,,tic-12.forb0007,b2b-af04b9353956aee3,b2b-lineage-tic-12,forbidden,ORG-F-PW-DE-PHC-BGD2-UW-OBIC12P,ORGFull,N/A,Pairwise,Direct-E,PerSlotHoleCardinality,BreakGroupsD2,UWrMaxSAT,OldBestIC12+,UNSAT,UNSAT,,,bg_d2,,,,,,,1,0.170128,False,136.918,MaxSAT,ORGHistorical,ORG-Historical-BG-d2,Published-style,Published-style/Full,independent_reimplementation,one-shot weighted MaxSAT,24902,,,,,,,53512,126,53638,1000,23902,132271,43,baseline2__model-org_historical_maxsat__m-full__p-pairwise__g-direct__b-per_slot_hole_cardinality__o-break_groups_d2__s-uwrmaxsat__i-old_best_ic12plus__fairness-d2,baseline2__model-org_historical_maxsat__m-full__p-pairwise__g-direct__b-per_slot_hole_cardinality__o-break_groups_d2__s-uwrmaxsat__i-old_best_ic12plus__fairness-d2,legacy_full,n/a,pairwise,direct,UWrMaxSAT,UWrMaxSAT,binary-sha256:8c68c8a386d3d7847b50d315143c2bab60e3514e59510e84a649db83cb303876,org_historical_bg_d2_old_best,per_slot_hole_cardinality,total_break_groups_subject_to_range_at_most_2,BGD2,OBIC12P,132145,126,1,250,31572,20023,1667,1,126,126,1,,,,,,0,,,,,,,"formalism-specific model size: SAT/MaxSAT reports base CNF and soft clauses, MIP reports variables/linear constraints/nonzeros, and CP reports integer variables plus linear/global constraints; SAT bound/totalizer overhead remains separate in optimizer_added_*",1000,,,1000,,,,,,,,,,0.001511,0.04807,,0.04807,0.120547,"wall-clock from immediately before reading/parsing the .dzn instance through model construction, optimization, solution decoding, and independent validation; excludes worker-process startup and result-file export",,,,,,,peak_process_tree_rss_mb,af04b9353956aee3ee0934102bceed20801ec5850b81f132f3b341a8eddf1cba,forb0007,data_table06_forb/tic-12.forb0007.dzn,1,data_table06_forb/tic-12.forb0007.dzn,1,data_table06_forb/tic-12.forb0007.dzn,https://imae.udg.edu/Recerca/LAI/,https://ima.udg.edu/Recerca/lai/b2b/b2b.zip,,2026-08-15T05:12:49+00:00,7200.0,,ee80a6fbd8b513f7c010668495c39621a371266a,True,3.10.12,1.8.dev25,instance-20260810-085803,Linux-6.8.0-1065-gcp-x86_64-with-glibc2.35,x86_64,4,8,15988.055,1,0,/home/g24021555/Business-Meeting-Scheduling-Problem/.venv/bin/python /home/g24021555/Business-Meeting-Scheduling-Problem/src/ORG_BG_D2.py --data-dir data_table06_forb --family all --backend uwrmaxsat --uwrmaxsat-bin /home/g24021555/uwrmaxsat/build/release/bin/uwrmaxsat --uwrmaxsat-sha256 8c68c8a386d3d7847b50d315143c2bab60e3514e59510e84a649db83cb303876 --timeout 7200 --csv output/org_old_bg_d2/data_table06_forb.csv --no-excel,/home/g24021555/uwrmaxsat/build/release/bin/uwrmaxsat,8c68c8a386d3d7847b50d315143c2bab60e3514e59510e84a649db83cb303876,/home/g24021555/uwrmaxsat/build/release/bin/uwrmaxsat -m /tmp/org_bg_3i4u_rza.wcnf,,,,,UWrMaxSAT,,,,traditional,pairwise+direct,,,,,,,,,,,,
,,,,,,,,,tic-13.forb0003,b2b-b1fde45d449995b6,b2b-lineage-tic-13,forbidden,ORG-F-PW-DE-PHC-BGD2-UW-OBIC12P,ORGFull,N/A,Pairwise,Direct-E,PerSlotHoleCardinality,BreakGroupsD2,UWrMaxSAT,OldBestIC12+,UNSAT,UNSAT,,,bg_d2,,,,,,,1,0.370691,False,146.434,MaxSAT,ORGHistorical,ORG-Historical-BG-d2,Published-style,Published-style/Full,independent_reimplementation,one-shot weighted MaxSAT,53139,,,,,,,110910,188,111098,1800,51339,276644,48,baseline2__model-org_historical_maxsat__m-full__p-pairwise__g-direct__b-per_slot_hole_cardinality__o-break_groups_d2__s-uwrmaxsat__i-old_best_ic12plus__fairness-d2,baseline2__model-org_historical_maxsat__m-full__p-pairwise__g-direct__b-per_slot_hole_cardinality__o-break_groups_d2__s-uwrmaxsat__i-old_best_ic12plus__fairness-d2,legacy_full,n/a,pairwise,direct,UWrMaxSAT,UWrMaxSAT,binary-sha256:8c68c8a386d3d7847b50d315143c2bab60e3514e59510e84a649db83cb303876,org_historical_bg_d2_old_best,per_slot_hole_cardinality,total_break_groups_subject_to_range_at_most_2,BGD2,OBIC12P,276456,188,1,293,63723,42865,4029,1,188,188,1,,,,,,0,,,,,,,"formalism-specific model size: SAT/MaxSAT reports base CNF and soft clauses, MIP reports variables/linear constraints/nonzeros, and CP reports integer variables plus linear/global constraints; SAT bound/totalizer overhead remains separate in optimizer_added_*",1800,,,1800,,,,,,,,,,0.001812,0.094455,,0.094455,0.274424,"wall-clock from immediately before reading/parsing the .dzn instance through model construction, optimization, solution decoding, and independent validation; excludes worker-process startup and result-file export",,,,,,,peak_process_tree_rss_mb,b1fde45d449995b65f156766a320e50df95242f1aaf08be960e52a57aa9b8dc8,forb0003,data_table06_forb/tic-13.forb0003.dzn,1,data_table06_forb/tic-13.forb0003.dzn,1,data_table06_forb/tic-13.forb0003.dzn,https://imae.udg.edu/Recerca/LAI/,https://ima.udg.edu/Recerca/lai/b2b/b2b.zip,,2026-08-15T05:12:49+00:00,7200.0,,ee80a6fbd8b513f7c010668495c39621a371266a,True,3.10.12,1.8.dev25,instance-20260810-085803,Linux-6.8.0-1065-gcp-x86_64-with-glibc2.35,x86_64,4,8,15988.055,1,0,/home/g24021555/Business-Meeting-Scheduling-Problem/.venv/bin/python /home/g24021555/Business-Meeting-Scheduling-Problem/src/ORG_BG_D2.py --data-dir data_table06_forb --family all --backend uwrmaxsat --uwrmaxsat-bin /home/g24021555/uwrmaxsat/build/release/bin/uwrmaxsat --uwrmaxsat-sha256 8c68c8a386d3d7847b50d315143c2bab60e3514e59510e84a649db83cb303876 --timeout 7200 --csv output/org_old_bg_d2/data_table06_forb.csv --no-excel,/home/g24021555/uwrmaxsat/build/release/bin/uwrmaxsat,8c68c8a386d3d7847b50d315143c2bab60e3514e59510e84a649db83cb303876,/home/g24021555/uwrmaxsat/build/release/bin/uwrmaxsat -m /tmp/org_bg_wjjnqtck.wcnf,,,,,UWrMaxSAT,,,,traditional,pairwise+direct,,,,,,,,,,,,
,,,,,,,,,forumt-14crafc.forb0003,b2b-bce7dbf98aba5ccc,b2b-lineage-forumt-14crafc,forbidden,ORG-F-PW-DE-PHC-BGD2-UW-OBIC12P,ORGFull,N/A,Pairwise,Direct-E,PerSlotHoleCardinality,BreakGroupsD2,UWrMaxSAT,OldBestIC12+,OPTIMAL,SAT,0,0,bg_d2,0,0,0,,,0,1,0.78265,False,170.887,MaxSAT,ORGHistorical,ORG-Historical-BG-d2,Published-style,Published-style/Full,independent_reimplementation,one-shot weighted MaxSAT,79877,,,,,,,166521,240,166761,2370,77507,415284,61,baseline2__model-org_historical_maxsat__m-full__p-pairwise__g-direct__b-per_slot_hole_cardinality__o-break_groups_d2__s-uwrmaxsat__i-old_best_ic12plus__fairness-d2,baseline2__model-org_historical_maxsat__m-full__p-pairwise__g-direct__b-per_slot_hole_cardinality__o-break_groups_d2__s-uwrmaxsat__i-old_best_ic12plus__fairness-d2,legacy_full,n/a,pairwise,direct,UWrMaxSAT,UWrMaxSAT,binary-sha256:8c68c8a386d3d7847b50d315143c2bab60e3514e59510e84a649db83cb303876,org_historical_bg_d2_old_best,per_slot_hole_cardinality,total_break_groups_subject_to_range_at_most_2,BGD2,OBIC12P,415044,240,1,392,94130,66838,5161,1,240,240,1,,,,,,0,,,,,,,"formalism-specific model size: SAT/MaxSAT reports base CNF and soft clauses, MIP reports variables/linear constraints/nonzeros, and CP reports integer variables plus linear/global constraints; SAT bound/totalizer overhead remains separate in optimizer_added_*",2370,,,2370,,,,,,,,,,0.002409,0.168622,,0.168622,0.611618,"wall-clock from immediately before reading/parsing the .dzn instance through model construction, optimization, solution decoding, and independent validation; excludes worker-process startup and result-file export",0,0,,0,0,"0,0,0,0,0,0,0,0,0,0,0,0,0,0,0,0,0,0,0,0,0,0,0,0,0,0,0,0,0,0,0,0,0,0,0,0,0,0,0,0,0,0,0,0,0,0,0,0,0,0,0,0,0,0,0,0,0,0,0,0",peak_process_tree_rss_mb,bce7dbf98aba5ccce85590a33d809ac8a70ca93b44969f94e876f0a97df4a065,forb0003,data_table06_forb/forumt-14crafc.forb0003.dzn,2,data_table06_forb/forumt-14crafc.forb0003.dzn | data_table06_forb/tic-14crafc.forb0003.dzn,2,data_table06_forb/forumt-14crafc.forb0003.dzn | data_table06_forb/tic-14crafc.forb0003.dzn,https://imae.udg.edu/Recerca/LAI/,https://ima.udg.edu/Recerca/lai/b2b/b2b.zip,,2026-08-15T05:12:49+00:00,7200.0,,ee80a6fbd8b513f7c010668495c39621a371266a,True,3.10.12,1.8.dev25,instance-20260810-085803,Linux-6.8.0-1065-gcp-x86_64-with-glibc2.35,x86_64,4,8,15988.055,1,0,/home/g24021555/Business-Meeting-Scheduling-Problem/.venv/bin/python /home/g24021555/Business-Meeting-Scheduling-Problem/src/ORG_BG_D2.py --data-dir data_table06_forb --family all --backend uwrmaxsat --uwrmaxsat-bin /home/g24021555/uwrmaxsat/build/release/bin/uwrmaxsat --uwrmaxsat-sha256 8c68c8a386d3d7847b50d315143c2bab60e3514e59510e84a649db83cb303876 --timeout 7200 --csv output/org_old_bg_d2/data_table06_forb.csv --no-excel,/home/g24021555/uwrmaxsat/build/release/bin/uwrmaxsat,8c68c8a386d3d7847b50d315143c2bab60e3514e59510e84a649db83cb303876,/home/g24021555/uwrmaxsat/build/release/bin/uwrmaxsat -m /tmp/org_bg_uoip38yj.wcnf,,,,,UWrMaxSAT,,,,traditional,pairwise+direct,0,,,,,,,,,"3,2,1,4,5,6,9,0,6,0,1,2,6,7,0,8,5,3,3,0,6,5,7,4,5,6,3,9,1,2,1,6,7,3,5,1,2,4,3,4,2,1,8,7,5,4,0,8,2,9,0,7,4,5,0,6,8,3,1,4,2,1,7,9,5,6,2,8,3,4,0,2,9,3,4,5,3,9,0,1,2,8,4,7,5,6,6,8,7,9,4,5,8,3,4,7,5,9,5,0,9,4,3,2,8,7,8,6,2,7,5,3,9,6,8,9,0,3,7,1,2,8,5,4,6,3,9,7,8,5,1,7,5,4,7,9,3,6,2,8,1,2,8,0,5,9,2,6,7,8,3,7,2,9,6,1,4,0,5,8,9,8,0,3,1,4,5,7,6,2,1,7,8,9,4,0,2,3,8,1,0,2,6,7,9,8,2,4,0,5,3,1,9,3,0,4,5,6,7,1,6,3,6,0,9,5,2,8,1,7,6,5,1,7,4,1,1,4,6,4,7,2,8,3,6,0,5,1,1,3,6,2,4,2,0,4,3",,
,,,,,,,,,forum-13crafb.forb0003,b2b-bf29dc2a22d8c0fb,b2b-lineage-forum-13crafb,forbidden,ORG-F-PW-DE-PHC-BGD2-UW-OBIC12P,ORGFull,N/A,Pairwise,Direct-E,PerSlotHoleCardinality,BreakGroupsD2,UWrMaxSAT,OldBestIC12+,OPTIMAL,SAT,5,5,bg_d2,5,5,5,,,5,1,35.60513,False,360.262,MaxSAT,ORGHistorical,ORG-Historical-BG-d2,Published-style,Published-style/Full,independent_reimplementation,one-shot weighted MaxSAT,246673,,,,,,,497515,760,498275,4290,242383,1417408,77,baseline2__model-org_historical_maxsat__m-full__p-pairwise__g-direct__b-per_slot_hole_cardinality__o-break_groups_d2__s-uwrmaxsat__i-old_best_ic12plus__fairness-d2,baseline2__model-org_historical_maxsat__m-full__p-pairwise__g-direct__b-per_slot_hole_cardinality__o-break_groups_d2__s-uwrmaxsat__i-old_best_ic12plus__fairness-d2,legacy_full,n/a,pairwise,direct,UWrMaxSAT,UWrMaxSAT,binary-sha256:8c68c8a386d3d7847b50d315143c2bab60e3514e59510e84a649db83cb303876,org_historical_bg_d2_old_best,per_slot_hole_cardinality,total_break_groups_subject_to_range_at_most_2,BGD2,OBIC12P,1416648,760,1,1545,178206,222695,95069,1,760,760,1,,,,,,0,,,,,,,"formalism-specific model size: SAT/MaxSAT reports base CNF and soft clauses, MIP reports variables/linear constraints/nonzeros, and CP reports integer variables plus linear/global constraints; SAT bound/totalizer overhead remains separate in optimizer_added_*",4290,,,4290,,,,,,,,,,0.002232,0.529786,,0.529786,35.073113,"wall-clock from immediately before reading/parsing the .dzn instance through model construction, optimization, solution decoding, and independent validation; excludes worker-process startup and result-file export",16,51,,5,1,"0,0,0,0,0,0,0,0,0,0,0,0,0,0,0,1,0,0,0,0,0,0,1,0,0,1,0,0,0,0,0,0,0,0,0,0,1,0,0,0,0,0,0,0,0,0,0,0,0,0,0,0,0,0,0,0,0,1,0,0,0,0,0,0,0,0,0,0,0,0,0,0,0,0,0,0",peak_process_tree_rss_mb,bf29dc2a22d8c0fbb3a67b7edaa1b55631cf6f80f68a9f7296fa29c0c2ac7782,forb0003,data_table06_forb/forum-13crafb.forb0003.dzn,2,data_table06_forb/forum-13crafb.forb0003.dzn | data_table06_forb/ticf-13crafb.forb0003.dzn,2,data_table06_forb/forum-13crafb.forb0003.dzn | data_table06_forb/ticf-13crafb.forb0003.dzn,https://imae.udg.edu/Recerca/LAI/,https://ima.udg.edu/Recerca/lai/b2b/b2b.zip,,2026-08-15T05:12:49+00:00,7200.0,,ee80a6fbd8b513f7c010668495c39621a371266a,True,3.10.12,1.8.dev25,instance-20260810-085803,Linux-6.8.0-1065-gcp-x86_64-with-glibc2.35,x86_64,4,8,15988.055,1,0,/home/g24021555/Business-Meeting-Scheduling-Problem/.venv/bin/python /home/g24021555/Business-Meeting-Scheduling-Problem/src/ORG_BG_D2.py --data-dir data_table06_forb --family all --backend uwrmaxsat --uwrmaxsat-bin /home/g24021555/uwrmaxsat/build/release/bin/uwrmaxsat --uwrmaxsat-sha256 8c68c8a386d3d7847b50d315143c2bab60e3514e59510e84a649db83cb303876 --timeout 7200 --csv output/org_old_bg_d2/data_table06_forb.csv --no-excel,/home/g24021555/uwrmaxsat/build/release/bin/uwrmaxsat,8c68c8a386d3d7847b50d315143c2bab60e3514e59510e84a649db83cb303876,/home/g24021555/uwrmaxsat/build/release/bin/uwrmaxsat -m /tmp/org_bg_rhnu9u4v.wcnf,,,,,UWrMaxSAT,,,,traditional,pairwise+direct,5,,,,,,,,,"9,13,11,10,9,10,8,9,14,10,12,10,11,7,14,12,8,13,15,16,14,9,12,7,11,6,11,8,6,4,11,10,7,17,16,11,6,7,5,12,17,13,1,15,17,13,12,9,10,5,15,3,14,16,8,9,4,15,17,16,12,8,9,13,15,18,11,16,17,12,11,7,6,8,2,14,3,5,10,4,0,11,8,10,13,15,14,9,6,8,7,6,7,17,12,13,16,20,15,18,19,14,21,13,10,12,14,14,9,13,11,7,16,9,12,8,7,6,3,11,10,5,4,13,12,13,14,15,10,7,0,2,1,13,12,15,16,18,5,3,8,4,6,14,9,17,14,15,18,16,15,18,17,11,8,10,13,14,16,9,12,15,17,11,7,4,0,5,8,6,10,3,9,2,1,15,8,7,5,4,13,18,14,9,12,10,11,6,4,6,7,8,3,5,2",,
,,,,,,,,,forumt-14crafe.forb0003,b2b-c01cad6050109082,b2b-lineage-forumt-14crafe,forbidden,ORG-F-PW-DE-PHC-BGD2-UW-OBIC12P,ORGFull,N/A,Pairwise,Direct-E,PerSlotHoleCardinality,BreakGroupsD2,UWrMaxSAT,OldBestIC12+,UNSAT,UNSAT,,,bg_d2,,,,,,,1,0.562079,False,155.883,MaxSAT,ORGHistorical,ORG-Historical-BG-d2,Published-style,Published-style/Full,independent_reimplementation,one-shot weighted MaxSAT,78378,,,,,,,163634,240,163874,2360,76018,407999,61,baseline2__model-org_historical_maxsat__m-full__p-pairwise__g-direct__b-per_slot_hole_cardinality__o-break_groups_d2__s-uwrmaxsat__i-old_best_ic12plus__fairness-d2,baseline2__model-org_historical_maxsat__m-full__p-pairwise__g-direct__b-per_slot_hole_cardinality__o-break_groups_d2__s-uwrmaxsat__i-old_best_ic12plus__fairness-d2,legacy_full,n/a,pairwise,direct,UWrMaxSAT,UWrMaxSAT,binary-sha256:8c68c8a386d3d7847b50d315143c2bab60e3514e59510e84a649db83cb303876,org_historical_bg_d2_old_best,per_slot_hole_cardinality,total_break_groups_subject_to_range_at_most_2,BGD2,OBIC12P,407759,240,1,427,92636,65424,5147,1,240,240,1,,,,,,0,,,,,,,"formalism-specific model size: SAT/MaxSAT reports base CNF and soft clauses, MIP reports variables/linear constraints/nonzeros, and CP reports integer variables plus linear/global constraints; SAT bound/totalizer overhead remains separate in optimizer_added_*",2360,,,2360,,,,,,,,,,0.002473,0.164938,,0.164938,0.394667,"wall-clock from immediately before reading/parsing the .dzn instance through model construction, optimization, solution decoding, and independent validation; excludes worker-process startup and result-file export",,,,,,,peak_process_tree_rss_mb,c01cad605010908283a22cd6327b688bc02bb90f058d47f1108329491cd0a8ea,forb0003,data_table06_forb/forumt-14crafe.forb0003.dzn,1,data_table06_forb/forumt-14crafe.forb0003.dzn,1,data_table06_forb/forumt-14crafe.forb0003.dzn,https://imae.udg.edu/Recerca/LAI/,https://ima.udg.edu/Recerca/lai/b2b/b2b.zip,,2026-08-15T05:12:49+00:00,7200.0,,ee80a6fbd8b513f7c010668495c39621a371266a,True,3.10.12,1.8.dev25,instance-20260810-085803,Linux-6.8.0-1065-gcp-x86_64-with-glibc2.35,x86_64,4,8,15988.055,1,0,/home/g24021555/Business-Meeting-Scheduling-Problem/.venv/bin/python /home/g24021555/Business-Meeting-Scheduling-Problem/src/ORG_BG_D2.py --data-dir data_table06_forb --family all --backend uwrmaxsat --uwrmaxsat-bin /home/g24021555/uwrmaxsat/build/release/bin/uwrmaxsat --uwrmaxsat-sha256 8c68c8a386d3d7847b50d315143c2bab60e3514e59510e84a649db83cb303876 --timeout 7200 --csv output/org_old_bg_d2/data_table06_forb.csv --no-excel,/home/g24021555/uwrmaxsat/build/release/bin/uwrmaxsat,8c68c8a386d3d7847b50d315143c2bab60e3514e59510e84a649db83cb303876,/home/g24021555/uwrmaxsat/build/release/bin/uwrmaxsat -m /tmp/org_bg_mfhqs7k2.wcnf,,,,,UWrMaxSAT,,,,traditional,pairwise+direct,,,,,,,,,,,,
,,,,,,,,,forum-13crafb.forb0007,b2b-d90b964c64463ef1,b2b-lineage-forum-13crafb,forbidden,ORG-F-PW-DE-PHC-BGD2-UW-OBIC12P,ORGFull,N/A,Pairwise,Direct-E,PerSlotHoleCardinality,BreakGroupsD2,UWrMaxSAT,OldBestIC12+,OPTIMAL,SAT,5,5,bg_d2,5,5,5,,,5,1,23.678942,False,352.312,MaxSAT,ORGHistorical,ORG-Historical-BG-d2,Published-style,Published-style/Full,independent_reimplementation,one-shot weighted MaxSAT,246673,,,,,,,497543,760,498303,4290,242383,1417436,77,baseline2__model-org_historical_maxsat__m-full__p-pairwise__g-direct__b-per_slot_hole_cardinality__o-break_groups_d2__s-uwrmaxsat__i-old_best_ic12plus__fairness-d2,baseline2__model-org_historical_maxsat__m-full__p-pairwise__g-direct__b-per_slot_hole_cardinality__o-break_groups_d2__s-uwrmaxsat__i-old_best_ic12plus__fairness-d2,legacy_full,n/a,pairwise,direct,UWrMaxSAT,UWrMaxSAT,binary-sha256:8c68c8a386d3d7847b50d315143c2bab60e3514e59510e84a649db83cb303876,org_historical_bg_d2_old_best,per_slot_hole_cardinality,total_break_groups_subject_to_range_at_most_2,BGD2,OBIC12P,1416676,760,1,1573,178206,222695,95069,1,760,760,1,,,,,,0,,,,,,,"formalism-specific model size: SAT/MaxSAT reports base CNF and soft clauses, MIP reports variables/linear constraints/nonzeros, and CP reports integer variables plus linear/global constraints; SAT bound/totalizer overhead remains separate in optimizer_added_*",4290,,,4290,,,,,,,,,,0.002185,0.533032,,0.533032,23.143725,"wall-clock from immediately before reading/parsing the .dzn instance through model construction, optimization, solution decoding, and independent validation; excludes worker-process startup and result-file export",16,44,,5,2,"0,0,0,0,0,0,0,0,0,0,0,0,0,0,0,1,0,0,0,0,0,0,1,0,0,0,0,0,0,0,0,0,0,0,0,0,1,0,0,0,0,0,0,0,0,0,0,0,0,0,0,0,0,0,0,0,0,2,0,0,0,0,0,0,0,0,0,0,0,0,0,0,0,0,0,0",peak_process_tree_rss_mb,d90b964c64463ef1eb0ae5ad516d527ac1137da3fc5750a3f33c6c3cd60d7c04,forb0007,data_table06_forb/forum-13crafb.forb0007.dzn,2,data_table06_forb/forum-13crafb.forb0007.dzn | data_table06_forb/ticf-13crafb.forb0007.dzn,2,data_table06_forb/forum-13crafb.forb0007.dzn | data_table06_forb/ticf-13crafb.forb0007.dzn,https://imae.udg.edu/Recerca/LAI/,https://ima.udg.edu/Recerca/lai/b2b/b2b.zip,,2026-08-15T05:12:49+00:00,7200.0,,ee80a6fbd8b513f7c010668495c39621a371266a,True,3.10.12,1.8.dev25,instance-20260810-085803,Linux-6.8.0-1065-gcp-x86_64-with-glibc2.35,x86_64,4,8,15988.055,1,0,/home/g24021555/Business-Meeting-Scheduling-Problem/.venv/bin/python /home/g24021555/Business-Meeting-Scheduling-Problem/src/ORG_BG_D2.py --data-dir data_table06_forb --family all --backend uwrmaxsat --uwrmaxsat-bin /home/g24021555/uwrmaxsat/build/release/bin/uwrmaxsat --uwrmaxsat-sha256 8c68c8a386d3d7847b50d315143c2bab60e3514e59510e84a649db83cb303876 --timeout 7200 --csv output/org_old_bg_d2/data_table06_forb.csv --no-excel,/home/g24021555/uwrmaxsat/build/release/bin/uwrmaxsat,8c68c8a386d3d7847b50d315143c2bab60e3514e59510e84a649db83cb303876,/home/g24021555/uwrmaxsat/build/release/bin/uwrmaxsat -m /tmp/org_bg_mb2bghbr.wcnf,,,,,UWrMaxSAT,,,,traditional,pairwise+direct,5,,,,,,,,,"8,12,10,11,9,10,9,11,13,9,12,8,11,7,12,13,9,14,14,16,13,11,15,7,10,8,13,10,5,3,11,9,11,15,14,9,6,10,4,15,14,12,1,17,18,14,12,10,9,6,17,5,15,16,8,8,4,15,17,18,13,8,9,14,12,16,18,17,15,14,10,7,6,8,2,13,1,5,11,4,0,10,7,11,12,13,14,8,7,9,8,10,9,17,13,14,16,20,12,18,19,15,21,12,14,13,17,15,13,12,10,11,16,13,12,14,9,6,5,11,10,7,8,15,18,17,19,20,11,6,1,2,3,14,12,16,5,13,21,20,19,7,0,4,15,16,15,17,19,17,16,15,18,10,8,9,12,11,16,13,14,15,17,11,9,5,2,4,6,7,8,1,10,3,0,3,7,12,4,2,14,16,10,9,8,13,11,6,3,6,7,8,5,4,2",,
,,,,,,,,,forum-13.forb0007,b2b-dc8823f802474846,b2b-lineage-forum-13,forbidden,ORG-F-PW-DE-PHC-BGD2-UW-OBIC12P,ORGFull,N/A,Pairwise,Direct-E,PerSlotHoleCardinality,BreakGroupsD2,UWrMaxSAT,OldBestIC12+,OPTIMAL,SAT,0,0,bg_d2,0,0,0,,,0,1,8.678146,False,315.004,MaxSAT,ORGHistorical,ORG-Historical-BG-d2,Published-style,Published-style/Full,independent_reimplementation,one-shot weighted MaxSAT,207114,,,,,,,413374,700,414074,3234,203880,1183006,71,baseline2__model-org_historical_maxsat__m-full__p-pairwise__g-direct__b-per_slot_hole_cardinality__o-break_groups_d2__s-uwrmaxsat__i-old_best_ic12plus__fairness-d2,baseline2__model-org_historical_maxsat__m-full__p-pairwise__g-direct__b-per_slot_hole_cardinality__o-break_groups_d2__s-uwrmaxsat__i-old_best_ic12plus__fairness-d2,legacy_full,n/a,pairwise,direct,UWrMaxSAT,UWrMaxSAT,binary-sha256:8c68c8a386d3d7847b50d315143c2bab60e3514e59510e84a649db83cb303876,org_historical_bg_d2_old_best,per_slot_hole_cardinality,total_break_groups_subject_to_range_at_most_2,BGD2,OBIC12P,1182306,700,1,1071,144222,186835,81246,1,700,700,1,,,,,,0,,,,,,,"formalism-specific model size: SAT/MaxSAT reports base CNF and soft clauses, MIP reports variables/linear constraints/nonzeros, and CP reports integer variables plus linear/global constraints; SAT bound/totalizer overhead remains separate in optimizer_added_*",3234,,,3234,,,,,,,,,,0.001829,0.413277,,0.413277,8.26304,"wall-clock from immediately before reading/parsing the .dzn instance through model construction, optimization, solution decoding, and independent validation; excludes worker-process startup and result-file export",0,0,,0,0,"0,0,0,0,0,0,0,0,0,0,0,0,0,0,0,0,0,0,0,0,0,0,0,0,0,0,0,0,0,0,0,0,0,0,0,0,0,0,0,0,0,0,0,0,0,0,0,0,0,0,0,0,0,0,0,0,0,0,0,0,0,0,0,0,0,0,0,0,0,0",peak_process_tree_rss_mb,dc8823f802474846cacb92bef7dae8b1dbcd7655d2706cae39923f0547918092,forb0007,data_table06_forb/forum-13.forb0007.dzn,2,data_table06_forb/forum-13.forb0007.dzn | data_table06_forb/ticf-13crafa.forb0007.dzn,2,data_table06_forb/forum-13.forb0007.dzn | data_table06_forb/ticf-13crafa.forb0007.dzn,https://imae.udg.edu/Recerca/LAI/,https://ima.udg.edu/Recerca/lai/b2b/b2b.zip,,2026-08-15T05:12:49+00:00,7200.0,,ee80a6fbd8b513f7c010668495c39621a371266a,True,3.10.12,1.8.dev25,instance-20260810-085803,Linux-6.8.0-1065-gcp-x86_64-with-glibc2.35,x86_64,4,8,15988.055,1,0,/home/g24021555/Business-Meeting-Scheduling-Problem/.venv/bin/python /home/g24021555/Business-Meeting-Scheduling-Problem/src/ORG_BG_D2.py --data-dir data_table06_forb --family all --backend uwrmaxsat --uwrmaxsat-bin /home/g24021555/uwrmaxsat/build/release/bin/uwrmaxsat --uwrmaxsat-sha256 8c68c8a386d3d7847b50d315143c2bab60e3514e59510e84a649db83cb303876 --timeout 7200 --csv output/org_old_bg_d2/data_table06_forb.csv --no-excel,/home/g24021555/uwrmaxsat/build/release/bin/uwrmaxsat,8c68c8a386d3d7847b50d315143c2bab60e3514e59510e84a649db83cb303876,/home/g24021555/uwrmaxsat/build/release/bin/uwrmaxsat -m /tmp/org_bg_qqimcxpx.wcnf,,,,,UWrMaxSAT,,,,traditional,pairwise+direct,0,,,,,,,,,"5,6,4,10,12,7,8,11,9,13,8,1,3,5,2,7,6,4,2,5,3,6,7,4,5,2,4,5,9,8,6,10,7,7,8,11,12,6,9,10,11,12,13,15,14,10,9,11,5,11,7,6,9,4,10,8,12,10,12,11,9,11,4,2,3,5,1,1,9,8,0,5,4,6,2,7,3,9,4,11,10,12,5,3,7,2,8,6,4,8,6,5,2,3,10,11,9,7,11,7,12,8,10,9,3,9,2,5,4,8,10,6,7,3,8,5,1,4,6,0,2,4,6,12,13,10,3,8,2,9,11,5,7,3,5,2,10,8,1,14,12,6,13,4,0,9,7,11,10,8,9,11,7,6",,
,,,,,,,,,forumt-14crafd.forb0007,b2b-fee7e658da517ae9,b2b-lineage-forumt-14crafd,forbidden,ORG-F-PW-DE-PHC-BGD2-UW-OBIC12P,ORGFull,N/A,Pairwise,Direct-E,PerSlotHoleCardinality,BreakGroupsD2,UWrMaxSAT,OldBestIC12+,UNSAT,UNSAT,,,bg_d2,,,,,,,1,0.574603,False,166.34,MaxSAT,ORGHistorical,ORG-Historical-BG-d2,Published-style,Published-style/Full,independent_reimplementation,one-shot weighted MaxSAT,79488,,,,,,,165815,240,166055,2360,77128,413480,61,baseline2__model-org_historical_maxsat__m-full__p-pairwise__g-direct__b-per_slot_hole_cardinality__o-break_groups_d2__s-uwrmaxsat__i-old_best_ic12plus__fairness-d2,baseline2__model-org_historical_maxsat__m-full__p-pairwise__g-direct__b-per_slot_hole_cardinality__o-break_groups_d2__s-uwrmaxsat__i-old_best_ic12plus__fairness-d2,legacy_full,n/a,pairwise,direct,UWrMaxSAT,UWrMaxSAT,binary-sha256:8c68c8a386d3d7847b50d315143c2bab60e3514e59510e84a649db83cb303876,org_historical_bg_d2_old_best,per_slot_hole_cardinality,total_break_groups_subject_to_range_at_most_2,BGD2,OBIC12P,413240,240,1,448,93656,66564,5147,1,240,240,1,,,,,,0,,,,,,,"formalism-specific model size: SAT/MaxSAT reports base CNF and soft clauses, MIP reports variables/linear constraints/nonzeros, and CP reports integer variables plus linear/global constraints; SAT bound/totalizer overhead remains separate in optimizer_added_*",2360,,,2360,,,,,,,,,,0.002478,0.170592,,0.170592,0.401533,"wall-clock from immediately before reading/parsing the .dzn instance through model construction, optimization, solution decoding, and independent validation; excludes worker-process startup and result-file export",,,,,,,peak_process_tree_rss_mb,fee7e658da517ae9d954e5d2c7411c75c7e6034c1e0b43e569317bbaf8e66e10,forb0007,data_table06_forb/forumt-14crafd.forb0007.dzn,2,data_table06_forb/forumt-14crafd.forb0007.dzn | data_table06_forb/tic-14crafd.forb0007.dzn,2,data_table06_forb/forumt-14crafd.forb0007.dzn | data_table06_forb/tic-14crafd.forb0007.dzn,https://imae.udg.edu/Recerca/LAI/,https://ima.udg.edu/Recerca/lai/b2b/b2b.zip,,2026-08-15T05:12:49+00:00,7200.0,,ee80a6fbd8b513f7c010668495c39621a371266a,True,3.10.12,1.8.dev25,instance-20260810-085803,Linux-6.8.0-1065-gcp-x86_64-with-glibc2.35,x86_64,4,8,15988.055,1,0,/home/g24021555/Business-Meeting-Scheduling-Problem/.venv/bin/python /home/g24021555/Business-Meeting-Scheduling-Problem/src/ORG_BG_D2.py --data-dir data_table06_forb --family all --backend uwrmaxsat --uwrmaxsat-bin /home/g24021555/uwrmaxsat/build/release/bin/uwrmaxsat --uwrmaxsat-sha256 8c68c8a386d3d7847b50d315143c2bab60e3514e59510e84a649db83cb303876 --timeout 7200 --csv output/org_old_bg_d2/data_table06_forb.csv --no-excel,/home/g24021555/uwrmaxsat/build/release/bin/uwrmaxsat,8c68c8a386d3d7847b50d315143c2bab60e3514e59510e84a649db83cb303876,/home/g24021555/uwrmaxsat/build/release/bin/uwrmaxsat -m /tmp/org_bg_juvvwn5x.wcnf,,,,,UWrMaxSAT,,,,traditional,pairwise+direct,,,,,,,,,,,,
