instance,precedence_encoding,precedence_graph,precedence_configuration,domain_filter_graph,solver,objective,objective_mode,domain_mode,basic,imp1,imp2,imp12,imp12+,n/a
forum-13.prec30,sparse_suffix,distance_closure,sparse_suffix+distance_closure,distance_closure,incremental,total_break_groups_subject_to_range_at_most_2,bg_d2,reduced,-,-,-,-,4.6 1,-
forum-13.prec30,sparse_suffix,distance_closure,sparse_suffix+distance_closure,distance_closure,maxsat,total_break_groups_subject_to_range_at_most_2,bg_d2,reduced,-,-,-,-,4.1 1,-
forum-13.prec30,sparse_suffix,distance_closure,sparse_suffix+distance_closure,distance_closure,multiple,total_break_groups_subject_to_range_at_most_2,bg_d2,reduced,-,-,-,-,8.8 1,-
forum-13.prec35,sparse_suffix,distance_closure,sparse_suffix+distance_closure,distance_closure,incremental,total_break_groups_subject_to_range_at_most_2,bg_d2,reduced,-,-,-,-,15.2 2,-
forum-13.prec35,sparse_suffix,distance_closure,sparse_suffix+distance_closure,distance_closure,maxsat,total_break_groups_subject_to_range_at_most_2,bg_d2,reduced,-,-,-,-,13.9 2,-
forum-13.prec35,sparse_suffix,distance_closure,sparse_suffix+distance_closure,distance_closure,multiple,total_break_groups_subject_to_range_at_most_2,bg_d2,reduced,-,-,-,-,29.8 2,-
forum-13.prec40,sparse_suffix,distance_closure,sparse_suffix+distance_closure,distance_closure,incremental,total_break_groups_subject_to_range_at_most_2,bg_d2,reduced,-,-,-,-,28.7 2,-
forum-13.prec40,sparse_suffix,distance_closure,sparse_suffix+distance_closure,distance_closure,maxsat,total_break_groups_subject_to_range_at_most_2,bg_d2,reduced,-,-,-,-,6.9 2,-
forum-13.prec40,sparse_suffix,distance_closure,sparse_suffix+distance_closure,distance_closure,multiple,total_break_groups_subject_to_range_at_most_2,bg_d2,reduced,-,-,-,-,35.4 2,-
forum-13crafb.prec30,sparse_suffix,distance_closure,sparse_suffix+distance_closure,distance_closure,incremental,total_break_groups_subject_to_range_at_most_2,bg_d2,reduced,-,-,-,-,160.0 12,-
forum-13crafb.prec30,sparse_suffix,distance_closure,sparse_suffix+distance_closure,distance_closure,maxsat,total_break_groups_subject_to_range_at_most_2,bg_d2,reduced,-,-,-,-,636.5 12,-
forum-13crafb.prec30,sparse_suffix,distance_closure,sparse_suffix+distance_closure,distance_closure,multiple,total_break_groups_subject_to_range_at_most_2,bg_d2,reduced,-,-,-,-,289.0 12,-
forum-13crafb.prec35,sparse_suffix,distance_closure,sparse_suffix+distance_closure,distance_closure,incremental,total_break_groups_subject_to_range_at_most_2,bg_d2,reduced,-,-,-,-,376.2 14,-
forum-13crafb.prec35,sparse_suffix,distance_closure,sparse_suffix+distance_closure,distance_closure,maxsat,total_break_groups_subject_to_range_at_most_2,bg_d2,reduced,-,-,-,-,2505.4 14,-
forum-13crafb.prec35,sparse_suffix,distance_closure,sparse_suffix+distance_closure,distance_closure,multiple,total_break_groups_subject_to_range_at_most_2,bg_d2,reduced,-,-,-,-,927.1 14,-
forum-13crafb.prec40,sparse_suffix,distance_closure,sparse_suffix+distance_closure,distance_closure,incremental,total_break_groups_subject_to_range_at_most_2,bg_d2,reduced,-,-,-,-,305.3 15,-
forum-13crafb.prec40,sparse_suffix,distance_closure,sparse_suffix+distance_closure,distance_closure,maxsat,total_break_groups_subject_to_range_at_most_2,bg_d2,reduced,-,-,-,-,1813.7 15,-
forum-13crafb.prec40,sparse_suffix,distance_closure,sparse_suffix+distance_closure,distance_closure,multiple,total_break_groups_subject_to_range_at_most_2,bg_d2,reduced,-,-,-,-,2304.0 15,-
forum-13crafc.prec30,sparse_suffix,distance_closure,sparse_suffix+distance_closure,distance_closure,incremental,total_break_groups_subject_to_range_at_most_2,bg_d2,reduced,-,-,-,-,20.4 3,-
forum-13crafc.prec30,sparse_suffix,distance_closure,sparse_suffix+distance_closure,distance_closure,maxsat,total_break_groups_subject_to_range_at_most_2,bg_d2,reduced,-,-,-,-,7.5 3,-
forum-13crafc.prec30,sparse_suffix,distance_closure,sparse_suffix+distance_closure,distance_closure,multiple,total_break_groups_subject_to_range_at_most_2,bg_d2,reduced,-,-,-,-,73.4 3,-
forum-13crafc.prec35,sparse_suffix,distance_closure,sparse_suffix+distance_closure,distance_closure,incremental,total_break_groups_subject_to_range_at_most_2,bg_d2,reduced,-,-,-,-,87.4 7,-
forum-13crafc.prec35,sparse_suffix,distance_closure,sparse_suffix+distance_closure,distance_closure,maxsat,total_break_groups_subject_to_range_at_most_2,bg_d2,reduced,-,-,-,-,70.6 7,-
forum-13crafc.prec35,sparse_suffix,distance_closure,sparse_suffix+distance_closure,distance_closure,multiple,total_break_groups_subject_to_range_at_most_2,bg_d2,reduced,-,-,-,-,295.5 7,-
forum-13crafc.prec40,sparse_suffix,distance_closure,sparse_suffix+distance_closure,distance_closure,incremental,total_break_groups_subject_to_range_at_most_2,bg_d2,reduced,-,-,-,-,19.2 8,-
forum-13crafc.prec40,sparse_suffix,distance_closure,sparse_suffix+distance_closure,distance_closure,maxsat,total_break_groups_subject_to_range_at_most_2,bg_d2,reduced,-,-,-,-,81.2 8,-
forum-13crafc.prec40,sparse_suffix,distance_closure,sparse_suffix+distance_closure,distance_closure,multiple,total_break_groups_subject_to_range_at_most_2,bg_d2,reduced,-,-,-,-,196.4 8,-
forum-14.prec30,sparse_suffix,distance_closure,sparse_suffix+distance_closure,distance_closure,incremental,total_break_groups_subject_to_range_at_most_2,bg_d2,reduced,-,-,-,-,588.3 6,-
forum-14.prec30,sparse_suffix,distance_closure,sparse_suffix+distance_closure,distance_closure,maxsat,total_break_groups_subject_to_range_at_most_2,bg_d2,reduced,-,-,-,-,56.2 6,-
forum-14.prec30,sparse_suffix,distance_closure,sparse_suffix+distance_closure,distance_closure,multiple,total_break_groups_subject_to_range_at_most_2,bg_d2,reduced,-,-,-,-,148.1 6,-
forum-14.prec35,sparse_suffix,distance_closure,sparse_suffix+distance_closure,distance_closure,incremental,total_break_groups_subject_to_range_at_most_2,bg_d2,reduced,-,-,-,-,3718.8 8,-
forum-14.prec35,sparse_suffix,distance_closure,sparse_suffix+distance_closure,distance_closure,maxsat,total_break_groups_subject_to_range_at_most_2,bg_d2,reduced,-,-,-,-,5803.0 8,-
forum-14.prec35,sparse_suffix,distance_closure,sparse_suffix+distance_closure,distance_closure,multiple,total_break_groups_subject_to_range_at_most_2,bg_d2,reduced,-,-,-,-,2340.3 8,-
forum-14.prec40,sparse_suffix,distance_closure,sparse_suffix+distance_closure,distance_closure,incremental,break_groups_d2,bg_d2,reduced,-,-,-,-,TO,-
forum-14.prec40,sparse_suffix,distance_closure,sparse_suffix+distance_closure,distance_closure,maxsat,break_groups_d2,bg_d2,reduced,-,-,-,-,TO,-
forum-14.prec40,sparse_suffix,distance_closure,sparse_suffix+distance_closure,distance_closure,multiple,break_groups_d2,bg_d2,reduced,-,-,-,-,TO,-
forumt-14.prec30,sparse_suffix,distance_closure,sparse_suffix+distance_closure,distance_closure,incremental,total_break_groups_subject_to_range_at_most_2,bg_d2,reduced,-,-,-,-,1.7 5,-
forumt-14.prec30,sparse_suffix,distance_closure,sparse_suffix+distance_closure,distance_closure,maxsat,total_break_groups_subject_to_range_at_most_2,bg_d2,reduced,-,-,-,-,1.3 5,-
forumt-14.prec30,sparse_suffix,distance_closure,sparse_suffix+distance_closure,distance_closure,multiple,total_break_groups_subject_to_range_at_most_2,bg_d2,reduced,-,-,-,-,2.5 5,-
forumt-14.prec35,sparse_suffix,distance_closure,sparse_suffix+distance_closure,distance_closure,incremental,total_break_groups_subject_to_range_at_most_2,bg_d2,reduced,-,-,-,-,1.8 5,-
forumt-14.prec35,sparse_suffix,distance_closure,sparse_suffix+distance_closure,distance_closure,maxsat,total_break_groups_subject_to_range_at_most_2,bg_d2,reduced,-,-,-,-,1.3 5,-
forumt-14.prec35,sparse_suffix,distance_closure,sparse_suffix+distance_closure,distance_closure,multiple,total_break_groups_subject_to_range_at_most_2,bg_d2,reduced,-,-,-,-,1.8 5,-
forumt-14.prec40,sparse_suffix,distance_closure,sparse_suffix+distance_closure,distance_closure,incremental,total_break_groups_subject_to_range_at_most_2,bg_d2,reduced,-,-,-,-,4.0 5,-
forumt-14.prec40,sparse_suffix,distance_closure,sparse_suffix+distance_closure,distance_closure,maxsat,total_break_groups_subject_to_range_at_most_2,bg_d2,reduced,-,-,-,-,3.7 5,-
forumt-14.prec40,sparse_suffix,distance_closure,sparse_suffix+distance_closure,distance_closure,multiple,total_break_groups_subject_to_range_at_most_2,bg_d2,reduced,-,-,-,-,3.1 5,-
forumt-14crafc.prec30,sparse_suffix,distance_closure,sparse_suffix+distance_closure,distance_closure,incremental,total_break_groups_subject_to_range_at_most_2,bg_d2,reduced,-,-,-,-,1.4 5,-
forumt-14crafc.prec30,sparse_suffix,distance_closure,sparse_suffix+distance_closure,distance_closure,maxsat,total_break_groups_subject_to_range_at_most_2,bg_d2,reduced,-,-,-,-,1.4 5,-
forumt-14crafc.prec30,sparse_suffix,distance_closure,sparse_suffix+distance_closure,distance_closure,multiple,total_break_groups_subject_to_range_at_most_2,bg_d2,reduced,-,-,-,-,1.2 5,-
forumt-14crafc.prec35,sparse_suffix,distance_closure,sparse_suffix+distance_closure,distance_closure,incremental,total_break_groups_subject_to_range_at_most_2,bg_d2,reduced,-,-,-,-,1.3 5,-
forumt-14crafc.prec35,sparse_suffix,distance_closure,sparse_suffix+distance_closure,distance_closure,maxsat,total_break_groups_subject_to_range_at_most_2,bg_d2,reduced,-,-,-,-,1.1 5,-
forumt-14crafc.prec35,sparse_suffix,distance_closure,sparse_suffix+distance_closure,distance_closure,multiple,total_break_groups_subject_to_range_at_most_2,bg_d2,reduced,-,-,-,-,1.1 5,-
forumt-14crafc.prec40,sparse_suffix,distance_closure,sparse_suffix+distance_closure,distance_closure,incremental,total_break_groups_subject_to_range_at_most_2,bg_d2,reduced,-,-,-,-,1.7 6,-
forumt-14crafc.prec40,sparse_suffix,distance_closure,sparse_suffix+distance_closure,distance_closure,maxsat,total_break_groups_subject_to_range_at_most_2,bg_d2,reduced,-,-,-,-,1.4 6,-
forumt-14crafc.prec40,sparse_suffix,distance_closure,sparse_suffix+distance_closure,distance_closure,multiple,total_break_groups_subject_to_range_at_most_2,bg_d2,reduced,-,-,-,-,2.9 6,-
forumt-14crafd.prec30,sparse_suffix,distance_closure,sparse_suffix+distance_closure,distance_closure,incremental,total_break_groups_subject_to_range_at_most_2,bg_d2,reduced,-,-,-,-,1.6 4,-
forumt-14crafd.prec30,sparse_suffix,distance_closure,sparse_suffix+distance_closure,distance_closure,maxsat,total_break_groups_subject_to_range_at_most_2,bg_d2,reduced,-,-,-,-,1.0 4,-
forumt-14crafd.prec30,sparse_suffix,distance_closure,sparse_suffix+distance_closure,distance_closure,multiple,total_break_groups_subject_to_range_at_most_2,bg_d2,reduced,-,-,-,-,1.8 4,-
forumt-14crafd.prec35,sparse_suffix,distance_closure,sparse_suffix+distance_closure,distance_closure,incremental,total_break_groups_subject_to_range_at_most_2,bg_d2,reduced,-,-,-,-,1.8 4,-
forumt-14crafd.prec35,sparse_suffix,distance_closure,sparse_suffix+distance_closure,distance_closure,maxsat,total_break_groups_subject_to_range_at_most_2,bg_d2,reduced,-,-,-,-,1.1 4,-
forumt-14crafd.prec35,sparse_suffix,distance_closure,sparse_suffix+distance_closure,distance_closure,multiple,total_break_groups_subject_to_range_at_most_2,bg_d2,reduced,-,-,-,-,1.0 4,-
forumt-14crafd.prec40,sparse_suffix,distance_closure,sparse_suffix+distance_closure,distance_closure,incremental,total_break_groups_subject_to_range_at_most_2,bg_d2,reduced,-,-,-,-,2.7 4,-
forumt-14crafd.prec40,sparse_suffix,distance_closure,sparse_suffix+distance_closure,distance_closure,maxsat,total_break_groups_subject_to_range_at_most_2,bg_d2,reduced,-,-,-,-,1.7 4,-
forumt-14crafd.prec40,sparse_suffix,distance_closure,sparse_suffix+distance_closure,distance_closure,multiple,total_break_groups_subject_to_range_at_most_2,bg_d2,reduced,-,-,-,-,2.7 4,-
forumt-14crafe.prec30,sparse_suffix,distance_closure,sparse_suffix+distance_closure,distance_closure,incremental,total_break_groups_subject_to_range_at_most_2,bg_d2,reduced,-,-,-,-,1.1 5,-
forumt-14crafe.prec30,sparse_suffix,distance_closure,sparse_suffix+distance_closure,distance_closure,maxsat,total_break_groups_subject_to_range_at_most_2,bg_d2,reduced,-,-,-,-,1.6 5,-
forumt-14crafe.prec30,sparse_suffix,distance_closure,sparse_suffix+distance_closure,distance_closure,multiple,total_break_groups_subject_to_range_at_most_2,bg_d2,reduced,-,-,-,-,2.4 5,-
forumt-14crafe.prec35,sparse_suffix,distance_closure,sparse_suffix+distance_closure,distance_closure,incremental,total_break_groups_subject_to_range_at_most_2,bg_d2,reduced,-,-,-,-,0.9 5,-
forumt-14crafe.prec35,sparse_suffix,distance_closure,sparse_suffix+distance_closure,distance_closure,maxsat,total_break_groups_subject_to_range_at_most_2,bg_d2,reduced,-,-,-,-,1.2 5,-
forumt-14crafe.prec35,sparse_suffix,distance_closure,sparse_suffix+distance_closure,distance_closure,multiple,total_break_groups_subject_to_range_at_most_2,bg_d2,reduced,-,-,-,-,1.4 5,-
forumt-14crafe.prec40,sparse_suffix,distance_closure,sparse_suffix+distance_closure,distance_closure,incremental,total_break_groups_subject_to_range_at_most_2,bg_d2,reduced,-,-,-,-,1.5 6,-
forumt-14crafe.prec40,sparse_suffix,distance_closure,sparse_suffix+distance_closure,distance_closure,maxsat,total_break_groups_subject_to_range_at_most_2,bg_d2,reduced,-,-,-,-,1.3 6,-
forumt-14crafe.prec40,sparse_suffix,distance_closure,sparse_suffix+distance_closure,distance_closure,multiple,total_break_groups_subject_to_range_at_most_2,bg_d2,reduced,-,-,-,-,1.8 6,-
tic-12.prec30,sparse_suffix,distance_closure,sparse_suffix+distance_closure,distance_closure,incremental,total_break_groups_subject_to_range_at_most_2,bg_d2,reduced,-,-,-,-,0.2 0,-
tic-12.prec30,sparse_suffix,distance_closure,sparse_suffix+distance_closure,distance_closure,maxsat,total_break_groups_subject_to_range_at_most_2,bg_d2,reduced,-,-,-,-,0.2 0,-
tic-12.prec30,sparse_suffix,distance_closure,sparse_suffix+distance_closure,distance_closure,multiple,total_break_groups_subject_to_range_at_most_2,bg_d2,reduced,-,-,-,-,0.2 0,-
tic-12.prec35,sparse_suffix,distance_closure,sparse_suffix+distance_closure,distance_closure,incremental,total_break_groups_subject_to_range_at_most_2,bg_d2,reduced,-,-,-,-,0.4 0,-
tic-12.prec35,sparse_suffix,distance_closure,sparse_suffix+distance_closure,distance_closure,maxsat,total_break_groups_subject_to_range_at_most_2,bg_d2,reduced,-,-,-,-,0.2 0,-
tic-12.prec35,sparse_suffix,distance_closure,sparse_suffix+distance_closure,distance_closure,multiple,total_break_groups_subject_to_range_at_most_2,bg_d2,reduced,-,-,-,-,0.3 0,-
tic-12.prec40,sparse_suffix,distance_closure,sparse_suffix+distance_closure,distance_closure,incremental,total_break_groups_subject_to_range_at_most_2,bg_d2,reduced,-,-,-,-,0.3 0,-
tic-12.prec40,sparse_suffix,distance_closure,sparse_suffix+distance_closure,distance_closure,maxsat,total_break_groups_subject_to_range_at_most_2,bg_d2,reduced,-,-,-,-,0.2 0,-
tic-12.prec40,sparse_suffix,distance_closure,sparse_suffix+distance_closure,distance_closure,multiple,total_break_groups_subject_to_range_at_most_2,bg_d2,reduced,-,-,-,-,0.2 0,-
tic-12crafc.prec30,sparse_suffix,distance_closure,sparse_suffix+distance_closure,distance_closure,incremental,total_break_groups_subject_to_range_at_most_2,bg_d2,reduced,-,-,-,-,0.6 0,-
tic-12crafc.prec30,sparse_suffix,distance_closure,sparse_suffix+distance_closure,distance_closure,maxsat,total_break_groups_subject_to_range_at_most_2,bg_d2,reduced,-,-,-,-,0.2 0,-
tic-12crafc.prec30,sparse_suffix,distance_closure,sparse_suffix+distance_closure,distance_closure,multiple,total_break_groups_subject_to_range_at_most_2,bg_d2,reduced,-,-,-,-,0.7 0,-
tic-12crafc.prec35,sparse_suffix,distance_closure,sparse_suffix+distance_closure,distance_closure,incremental,total_break_groups_subject_to_range_at_most_2,bg_d2,reduced,-,-,-,-,0.5 0,-
tic-12crafc.prec35,sparse_suffix,distance_closure,sparse_suffix+distance_closure,distance_closure,maxsat,total_break_groups_subject_to_range_at_most_2,bg_d2,reduced,-,-,-,-,0.2 0,-
tic-12crafc.prec35,sparse_suffix,distance_closure,sparse_suffix+distance_closure,distance_closure,multiple,total_break_groups_subject_to_range_at_most_2,bg_d2,reduced,-,-,-,-,0.5 0,-
tic-12crafc.prec40,sparse_suffix,distance_closure,sparse_suffix+distance_closure,distance_closure,incremental,total_break_groups_subject_to_range_at_most_2,bg_d2,reduced,-,-,-,-,0.5 0,-
tic-12crafc.prec40,sparse_suffix,distance_closure,sparse_suffix+distance_closure,distance_closure,maxsat,total_break_groups_subject_to_range_at_most_2,bg_d2,reduced,-,-,-,-,0.5 0,-
tic-12crafc.prec40,sparse_suffix,distance_closure,sparse_suffix+distance_closure,distance_closure,multiple,total_break_groups_subject_to_range_at_most_2,bg_d2,reduced,-,-,-,-,0.7 0,-
tic-13.prec30,sparse_suffix,distance_closure,sparse_suffix+distance_closure,distance_closure,incremental,total_break_groups_subject_to_range_at_most_2,bg_d2,reduced,-,-,-,-,1.0 0,-
tic-13.prec30,sparse_suffix,distance_closure,sparse_suffix+distance_closure,distance_closure,maxsat,total_break_groups_subject_to_range_at_most_2,bg_d2,reduced,-,-,-,-,1.2 0,-
tic-13.prec30,sparse_suffix,distance_closure,sparse_suffix+distance_closure,distance_closure,multiple,total_break_groups_subject_to_range_at_most_2,bg_d2,reduced,-,-,-,-,1.8 0,-
tic-13.prec35,sparse_suffix,distance_closure,sparse_suffix+distance_closure,distance_closure,incremental,total_break_groups_subject_to_range_at_most_2,bg_d2,reduced,-,-,-,-,1.1 0,-
tic-13.prec35,sparse_suffix,distance_closure,sparse_suffix+distance_closure,distance_closure,maxsat,total_break_groups_subject_to_range_at_most_2,bg_d2,reduced,-,-,-,-,0.4 0,-
tic-13.prec35,sparse_suffix,distance_closure,sparse_suffix+distance_closure,distance_closure,multiple,total_break_groups_subject_to_range_at_most_2,bg_d2,reduced,-,-,-,-,2.2 0,-
tic-13.prec40,sparse_suffix,distance_closure,sparse_suffix+distance_closure,distance_closure,incremental,total_break_groups_subject_to_range_at_most_2,bg_d2,reduced,-,-,-,-,1.7 0,-
tic-13.prec40,sparse_suffix,distance_closure,sparse_suffix+distance_closure,distance_closure,maxsat,total_break_groups_subject_to_range_at_most_2,bg_d2,reduced,-,-,-,-,1.6 0,-
tic-13.prec40,sparse_suffix,distance_closure,sparse_suffix+distance_closure,distance_closure,multiple,total_break_groups_subject_to_range_at_most_2,bg_d2,reduced,-,-,-,-,2.9 0,-
tic-13crafb.prec30,sparse_suffix,distance_closure,sparse_suffix+distance_closure,distance_closure,incremental,total_break_groups_subject_to_range_at_most_2,bg_d2,reduced,-,-,-,-,1.5 0,-
tic-13crafb.prec30,sparse_suffix,distance_closure,sparse_suffix+distance_closure,distance_closure,maxsat,total_break_groups_subject_to_range_at_most_2,bg_d2,reduced,-,-,-,-,1.0 0,-
tic-13crafb.prec30,sparse_suffix,distance_closure,sparse_suffix+distance_closure,distance_closure,multiple,total_break_groups_subject_to_range_at_most_2,bg_d2,reduced,-,-,-,-,1.1 0,-
tic-13crafb.prec35,sparse_suffix,distance_closure,sparse_suffix+distance_closure,distance_closure,incremental,total_break_groups_subject_to_range_at_most_2,bg_d2,reduced,-,-,-,-,1.2 0,-
tic-13crafb.prec35,sparse_suffix,distance_closure,sparse_suffix+distance_closure,distance_closure,maxsat,total_break_groups_subject_to_range_at_most_2,bg_d2,reduced,-,-,-,-,0.4 0,-
tic-13crafb.prec35,sparse_suffix,distance_closure,sparse_suffix+distance_closure,distance_closure,multiple,total_break_groups_subject_to_range_at_most_2,bg_d2,reduced,-,-,-,-,3.0 0,-
tic-13crafb.prec40,sparse_suffix,distance_closure,sparse_suffix+distance_closure,distance_closure,incremental,total_break_groups_subject_to_range_at_most_2,bg_d2,reduced,-,-,-,-,0.9 0,-
tic-13crafb.prec40,sparse_suffix,distance_closure,sparse_suffix+distance_closure,distance_closure,maxsat,total_break_groups_subject_to_range_at_most_2,bg_d2,reduced,-,-,-,-,1.7 0,-
tic-13crafb.prec40,sparse_suffix,distance_closure,sparse_suffix+distance_closure,distance_closure,multiple,total_break_groups_subject_to_range_at_most_2,bg_d2,reduced,-,-,-,-,0.9 0,-
tic-13crafc.prec30,sparse_suffix,distance_closure,sparse_suffix+distance_closure,distance_closure,incremental,total_break_groups_subject_to_range_at_most_2,bg_d2,reduced,-,-,-,-,2.6 4,-
tic-13crafc.prec30,sparse_suffix,distance_closure,sparse_suffix+distance_closure,distance_closure,maxsat,total_break_groups_subject_to_range_at_most_2,bg_d2,reduced,-,-,-,-,3.7 4,-
tic-13crafc.prec30,sparse_suffix,distance_closure,sparse_suffix+distance_closure,distance_closure,multiple,total_break_groups_subject_to_range_at_most_2,bg_d2,reduced,-,-,-,-,4.3 4,-
tic-13crafc.prec35,sparse_suffix,distance_closure,sparse_suffix+distance_closure,distance_closure,incremental,total_break_groups_subject_to_range_at_most_2,bg_d2,reduced,-,-,-,-,3.4 4,-
tic-13crafc.prec35,sparse_suffix,distance_closure,sparse_suffix+distance_closure,distance_closure,maxsat,total_break_groups_subject_to_range_at_most_2,bg_d2,reduced,-,-,-,-,5.1 4,-
tic-13crafc.prec35,sparse_suffix,distance_closure,sparse_suffix+distance_closure,distance_closure,multiple,total_break_groups_subject_to_range_at_most_2,bg_d2,reduced,-,-,-,-,3.2 4,-
tic-13crafc.prec40,sparse_suffix,distance_closure,sparse_suffix+distance_closure,distance_closure,incremental,total_break_groups_subject_to_range_at_most_2,bg_d2,reduced,-,-,-,-,3.1 4,-
tic-13crafc.prec40,sparse_suffix,distance_closure,sparse_suffix+distance_closure,distance_closure,maxsat,total_break_groups_subject_to_range_at_most_2,bg_d2,reduced,-,-,-,-,3.7 4,-
tic-13crafc.prec40,sparse_suffix,distance_closure,sparse_suffix+distance_closure,distance_closure,multiple,total_break_groups_subject_to_range_at_most_2,bg_d2,reduced,-,-,-,-,5.6 4,-
tic-14crafa.prec30,sparse_suffix,distance_closure,sparse_suffix+distance_closure,distance_closure,incremental,total_break_groups_subject_to_range_at_most_2,bg_d2,reduced,-,-,-,-,2.1 0,-
tic-14crafa.prec30,sparse_suffix,distance_closure,sparse_suffix+distance_closure,distance_closure,maxsat,total_break_groups_subject_to_range_at_most_2,bg_d2,reduced,-,-,-,-,0.6 0,-
tic-14crafa.prec30,sparse_suffix,distance_closure,sparse_suffix+distance_closure,distance_closure,multiple,total_break_groups_subject_to_range_at_most_2,bg_d2,reduced,-,-,-,-,1.6 0,-
tic-14crafa.prec35,sparse_suffix,distance_closure,sparse_suffix+distance_closure,distance_closure,incremental,total_break_groups_subject_to_range_at_most_2,bg_d2,reduced,-,-,-,-,2.7 0,-
tic-14crafa.prec35,sparse_suffix,distance_closure,sparse_suffix+distance_closure,distance_closure,maxsat,total_break_groups_subject_to_range_at_most_2,bg_d2,reduced,-,-,-,-,0.6 0,-
tic-14crafa.prec35,sparse_suffix,distance_closure,sparse_suffix+distance_closure,distance_closure,multiple,total_break_groups_subject_to_range_at_most_2,bg_d2,reduced,-,-,-,-,1.6 0,-
tic-14crafa.prec40,sparse_suffix,distance_closure,sparse_suffix+distance_closure,distance_closure,incremental,total_break_groups_subject_to_range_at_most_2,bg_d2,reduced,-,-,-,-,5.5 0,-
tic-14crafa.prec40,sparse_suffix,distance_closure,sparse_suffix+distance_closure,distance_closure,maxsat,total_break_groups_subject_to_range_at_most_2,bg_d2,reduced,-,-,-,-,2.4 0,-
tic-14crafa.prec40,sparse_suffix,distance_closure,sparse_suffix+distance_closure,distance_closure,multiple,total_break_groups_subject_to_range_at_most_2,bg_d2,reduced,-,-,-,-,6.3 0,-
tic-14crafc.prec30,sparse_suffix,distance_closure,sparse_suffix+distance_closure,distance_closure,incremental,total_break_groups_subject_to_range_at_most_2,bg_d2,reduced,-,-,-,-,2.2 0,-
tic-14crafc.prec30,sparse_suffix,distance_closure,sparse_suffix+distance_closure,distance_closure,maxsat,total_break_groups_subject_to_range_at_most_2,bg_d2,reduced,-,-,-,-,1.2 0,-
tic-14crafc.prec30,sparse_suffix,distance_closure,sparse_suffix+distance_closure,distance_closure,multiple,total_break_groups_subject_to_range_at_most_2,bg_d2,reduced,-,-,-,-,2.1 0,-
tic-14crafc.prec35,sparse_suffix,distance_closure,sparse_suffix+distance_closure,distance_closure,incremental,total_break_groups_subject_to_range_at_most_2,bg_d2,reduced,-,-,-,-,1.5 1,-
tic-14crafc.prec35,sparse_suffix,distance_closure,sparse_suffix+distance_closure,distance_closure,maxsat,total_break_groups_subject_to_range_at_most_2,bg_d2,reduced,-,-,-,-,2.9 1,-
tic-14crafc.prec35,sparse_suffix,distance_closure,sparse_suffix+distance_closure,distance_closure,multiple,total_break_groups_subject_to_range_at_most_2,bg_d2,reduced,-,-,-,-,4.9 1,-
tic-14crafc.prec40,sparse_suffix,distance_closure,sparse_suffix+distance_closure,distance_closure,incremental,total_break_groups_subject_to_range_at_most_2,bg_d2,reduced,-,-,-,-,7.7 2,-
tic-14crafc.prec40,sparse_suffix,distance_closure,sparse_suffix+distance_closure,distance_closure,maxsat,total_break_groups_subject_to_range_at_most_2,bg_d2,reduced,-,-,-,-,1.7 2,-
tic-14crafc.prec40,sparse_suffix,distance_closure,sparse_suffix+distance_closure,distance_closure,multiple,total_break_groups_subject_to_range_at_most_2,bg_d2,reduced,-,-,-,-,5.9 2,-
tic-14crafd.prec30,sparse_suffix,distance_closure,sparse_suffix+distance_closure,distance_closure,incremental,total_break_groups_subject_to_range_at_most_2,bg_d2,reduced,-,-,-,-,1.5 0,-
tic-14crafd.prec30,sparse_suffix,distance_closure,sparse_suffix+distance_closure,distance_closure,maxsat,total_break_groups_subject_to_range_at_most_2,bg_d2,reduced,-,-,-,-,1.1 0,-
tic-14crafd.prec30,sparse_suffix,distance_closure,sparse_suffix+distance_closure,distance_closure,multiple,total_break_groups_subject_to_range_at_most_2,bg_d2,reduced,-,-,-,-,1.4 0,-
tic-14crafd.prec35,sparse_suffix,distance_closure,sparse_suffix+distance_closure,distance_closure,incremental,total_break_groups_subject_to_range_at_most_2,bg_d2,reduced,-,-,-,-,2.0 0,-
tic-14crafd.prec35,sparse_suffix,distance_closure,sparse_suffix+distance_closure,distance_closure,maxsat,total_break_groups_subject_to_range_at_most_2,bg_d2,reduced,-,-,-,-,1.1 0,-
tic-14crafd.prec35,sparse_suffix,distance_closure,sparse_suffix+distance_closure,distance_closure,multiple,total_break_groups_subject_to_range_at_most_2,bg_d2,reduced,-,-,-,-,3.4 0,-
tic-14crafd.prec40,sparse_suffix,distance_closure,sparse_suffix+distance_closure,distance_closure,incremental,total_break_groups_subject_to_range_at_most_2,bg_d2,reduced,-,-,-,-,7.4 1,-
tic-14crafd.prec40,sparse_suffix,distance_closure,sparse_suffix+distance_closure,distance_closure,maxsat,total_break_groups_subject_to_range_at_most_2,bg_d2,reduced,-,-,-,-,3.7 1,-
tic-14crafd.prec40,sparse_suffix,distance_closure,sparse_suffix+distance_closure,distance_closure,multiple,total_break_groups_subject_to_range_at_most_2,bg_d2,reduced,-,-,-,-,6.9 1,-
ticf-13crafa.prec30,sparse_suffix,distance_closure,sparse_suffix+distance_closure,distance_closure,incremental,total_break_groups_subject_to_range_at_most_2,bg_d2,reduced,-,-,-,-,7.4 2,-
ticf-13crafa.prec30,sparse_suffix,distance_closure,sparse_suffix+distance_closure,distance_closure,maxsat,total_break_groups_subject_to_range_at_most_2,bg_d2,reduced,-,-,-,-,5.7 2,-
ticf-13crafa.prec30,sparse_suffix,distance_closure,sparse_suffix+distance_closure,distance_closure,multiple,total_break_groups_subject_to_range_at_most_2,bg_d2,reduced,-,-,-,-,16.5 2,-
ticf-13crafa.prec35,sparse_suffix,distance_closure,sparse_suffix+distance_closure,distance_closure,incremental,total_break_groups_subject_to_range_at_most_2,bg_d2,reduced,-,-,-,-,9.9 2,-
ticf-13crafa.prec35,sparse_suffix,distance_closure,sparse_suffix+distance_closure,distance_closure,maxsat,total_break_groups_subject_to_range_at_most_2,bg_d2,reduced,-,-,-,-,6.7 2,-
ticf-13crafa.prec35,sparse_suffix,distance_closure,sparse_suffix+distance_closure,distance_closure,multiple,total_break_groups_subject_to_range_at_most_2,bg_d2,reduced,-,-,-,-,20.1 2,-
ticf-13crafa.prec40,sparse_suffix,distance_closure,sparse_suffix+distance_closure,distance_closure,incremental,total_break_groups_subject_to_range_at_most_2,bg_d2,reduced,-,-,-,-,64.2 4,-
ticf-13crafa.prec40,sparse_suffix,distance_closure,sparse_suffix+distance_closure,distance_closure,maxsat,total_break_groups_subject_to_range_at_most_2,bg_d2,reduced,-,-,-,-,42.6 4,-
ticf-13crafa.prec40,sparse_suffix,distance_closure,sparse_suffix+distance_closure,distance_closure,multiple,total_break_groups_subject_to_range_at_most_2,bg_d2,reduced,-,-,-,-,90.1 4,-
ticf-13crafb.prec30,sparse_suffix,distance_closure,sparse_suffix+distance_closure,distance_closure,incremental,total_break_groups_subject_to_range_at_most_2,bg_d2,reduced,-,-,-,-,84.4 10,-
ticf-13crafb.prec30,sparse_suffix,distance_closure,sparse_suffix+distance_closure,distance_closure,maxsat,total_break_groups_subject_to_range_at_most_2,bg_d2,reduced,-,-,-,-,376.7 10,-
ticf-13crafb.prec30,sparse_suffix,distance_closure,sparse_suffix+distance_closure,distance_closure,multiple,total_break_groups_subject_to_range_at_most_2,bg_d2,reduced,-,-,-,-,495.5 10,-
ticf-13crafb.prec35,sparse_suffix,distance_closure,sparse_suffix+distance_closure,distance_closure,incremental,total_break_groups_subject_to_range_at_most_2,bg_d2,reduced,-,-,-,-,690.5 11,-
ticf-13crafb.prec35,sparse_suffix,distance_closure,sparse_suffix+distance_closure,distance_closure,maxsat,total_break_groups_subject_to_range_at_most_2,bg_d2,reduced,-,-,-,-,1888.7 11,-
ticf-13crafb.prec35,sparse_suffix,distance_closure,sparse_suffix+distance_closure,distance_closure,multiple,total_break_groups_subject_to_range_at_most_2,bg_d2,reduced,-,-,-,-,504.5 11,-
ticf-13crafb.prec40,sparse_suffix,distance_closure,sparse_suffix+distance_closure,distance_closure,incremental,total_break_groups_subject_to_range_at_most_2,bg_d2,reduced,-,-,-,-,210.6 13,-
ticf-13crafb.prec40,sparse_suffix,distance_closure,sparse_suffix+distance_closure,distance_closure,maxsat,total_break_groups_subject_to_range_at_most_2,bg_d2,reduced,-,-,-,-,382.9 13,-
ticf-13crafb.prec40,sparse_suffix,distance_closure,sparse_suffix+distance_closure,distance_closure,multiple,total_break_groups_subject_to_range_at_most_2,bg_d2,reduced,-,-,-,-,221.2 13,-
ticf-13crafc.prec30,sparse_suffix,distance_closure,sparse_suffix+distance_closure,distance_closure,incremental,total_break_groups_subject_to_range_at_most_2,bg_d2,reduced,-,-,-,-,22.5 3,-
ticf-13crafc.prec30,sparse_suffix,distance_closure,sparse_suffix+distance_closure,distance_closure,maxsat,total_break_groups_subject_to_range_at_most_2,bg_d2,reduced,-,-,-,-,18.7 3,-
ticf-13crafc.prec30,sparse_suffix,distance_closure,sparse_suffix+distance_closure,distance_closure,multiple,total_break_groups_subject_to_range_at_most_2,bg_d2,reduced,-,-,-,-,173.6 3,-
ticf-13crafc.prec35,sparse_suffix,distance_closure,sparse_suffix+distance_closure,distance_closure,incremental,total_break_groups_subject_to_range_at_most_2,bg_d2,reduced,-,-,-,-,72.2 5,-
ticf-13crafc.prec35,sparse_suffix,distance_closure,sparse_suffix+distance_closure,distance_closure,maxsat,total_break_groups_subject_to_range_at_most_2,bg_d2,reduced,-,-,-,-,211.4 5,-
ticf-13crafc.prec35,sparse_suffix,distance_closure,sparse_suffix+distance_closure,distance_closure,multiple,total_break_groups_subject_to_range_at_most_2,bg_d2,reduced,-,-,-,-,208.4 5,-
ticf-13crafc.prec40,sparse_suffix,distance_closure,sparse_suffix+distance_closure,distance_closure,incremental,total_break_groups_subject_to_range_at_most_2,bg_d2,reduced,-,-,-,-,775.3 5,-
ticf-13crafc.prec40,sparse_suffix,distance_closure,sparse_suffix+distance_closure,distance_closure,maxsat,total_break_groups_subject_to_range_at_most_2,bg_d2,reduced,-,-,-,-,129.5 5,-
ticf-13crafc.prec40,sparse_suffix,distance_closure,sparse_suffix+distance_closure,distance_closure,multiple,total_break_groups_subject_to_range_at_most_2,bg_d2,reduced,-,-,-,-,323.9 5,-
ticf-14crafa.prec30,sparse_suffix,distance_closure,sparse_suffix+distance_closure,distance_closure,incremental,break_groups_d2,bg_d2,reduced,-,-,-,-,TO,-
ticf-14crafa.prec30,sparse_suffix,distance_closure,sparse_suffix+distance_closure,distance_closure,maxsat,break_groups_d2,bg_d2,reduced,-,-,-,-,TO,-
ticf-14crafa.prec30,sparse_suffix,distance_closure,sparse_suffix+distance_closure,distance_closure,multiple,break_groups_d2,bg_d2,reduced,-,-,-,-,TO,-
ticf-14crafa.prec35,sparse_suffix,distance_closure,sparse_suffix+distance_closure,distance_closure,incremental,break_groups_d2,bg_d2,reduced,-,-,-,-,TO,-
ticf-14crafa.prec35,sparse_suffix,distance_closure,sparse_suffix+distance_closure,distance_closure,maxsat,break_groups_d2,bg_d2,reduced,-,-,-,-,TO,-
ticf-14crafa.prec35,sparse_suffix,distance_closure,sparse_suffix+distance_closure,distance_closure,multiple,break_groups_d2,bg_d2,reduced,-,-,-,-,TO,-
ticf-14crafa.prec40,sparse_suffix,distance_closure,sparse_suffix+distance_closure,distance_closure,incremental,break_groups_d2,bg_d2,reduced,-,-,-,-,TO,-
ticf-14crafa.prec40,sparse_suffix,distance_closure,sparse_suffix+distance_closure,distance_closure,maxsat,break_groups_d2,bg_d2,reduced,-,-,-,-,TO,-
ticf-14crafa.prec40,sparse_suffix,distance_closure,sparse_suffix+distance_closure,distance_closure,multiple,break_groups_d2,bg_d2,reduced,-,-,-,-,TO,-
