instance,precedence_encoding,precedence_graph,precedence_configuration,domain_filter_graph,solver,objective,objective_mode,domain_mode,model_family,capacity_mode,capacity_cardinality,bg_counter_mode,idle_sla_threshold,hybrid_suffix_density,basic,imp1,imp2,imp12,imp12+,n/a
forum-13.fixed020-Forb,sparse_suffix,distance_closure,sparse_suffix+distance_closure,distance_closure,incremental,total_break_groups_subject_to_range_at_most_2,bg_d2,full,compact_v2,global_cluster,seqcounter,shared_dp,,,-,-,-,-,2.1 20,-
forum-13.fixed020-Forb,sparse_suffix,distance_closure,sparse_suffix+distance_closure,distance_closure,maxsat,total_break_groups_subject_to_range_at_most_2,bg_d2,full,compact_v2,global_cluster,seqcounter,shared_dp,,,-,-,-,-,2.2 20,-
forum-13.fixed020-Forb,sparse_suffix,distance_closure,sparse_suffix+distance_closure,distance_closure,multiple,total_break_groups_subject_to_range_at_most_2,bg_d2,full,compact_v2,global_cluster,seqcounter,shared_dp,,,-,-,-,-,5.7 20,-
forum-13.fixed040-Forb,sparse_suffix,distance_closure,sparse_suffix+distance_closure,distance_closure,incremental,total_break_groups_subject_to_range_at_most_2,bg_d2,full,compact_v2,global_cluster,seqcounter,shared_dp,,,-,-,-,-,1.3 49,-
forum-13.fixed040-Forb,sparse_suffix,distance_closure,sparse_suffix+distance_closure,distance_closure,maxsat,total_break_groups_subject_to_range_at_most_2,bg_d2,full,compact_v2,global_cluster,seqcounter,shared_dp,,,-,-,-,-,1.7 49,-
forum-13.fixed040-Forb,sparse_suffix,distance_closure,sparse_suffix+distance_closure,distance_closure,multiple,total_break_groups_subject_to_range_at_most_2,bg_d2,full,compact_v2,global_cluster,seqcounter,shared_dp,,,-,-,-,-,3.8 49,-
forum-13crafb.fixed020-Forb,sparse_suffix,distance_closure,sparse_suffix+distance_closure,distance_closure,incremental,total_break_groups_subject_to_range_at_most_2,bg_d2,full,compact_v2,global_cluster,seqcounter,shared_dp,,,-,-,-,-,5.4 30,-
forum-13crafb.fixed020-Forb,sparse_suffix,distance_closure,sparse_suffix+distance_closure,distance_closure,maxsat,total_break_groups_subject_to_range_at_most_2,bg_d2,full,compact_v2,global_cluster,seqcounter,shared_dp,,,-,-,-,-,3.4 30,-
forum-13crafb.fixed020-Forb,sparse_suffix,distance_closure,sparse_suffix+distance_closure,distance_closure,multiple,total_break_groups_subject_to_range_at_most_2,bg_d2,full,compact_v2,global_cluster,seqcounter,shared_dp,,,-,-,-,-,8.2 30,-
forum-13crafb.fixed040-Forb,sparse_suffix,distance_closure,sparse_suffix+distance_closure,distance_closure,incremental,total_break_groups_subject_to_range_at_most_2,bg_d2,full,compact_v2,global_cluster,seqcounter,shared_dp,,,-,-,-,-,UNSAT,-
forum-13crafb.fixed040-Forb,sparse_suffix,distance_closure,sparse_suffix+distance_closure,distance_closure,maxsat,total_break_groups_subject_to_range_at_most_2,bg_d2,full,compact_v2,global_cluster,seqcounter,shared_dp,,,-,-,-,-,UNSAT,-
forum-13crafb.fixed040-Forb,sparse_suffix,distance_closure,sparse_suffix+distance_closure,distance_closure,multiple,total_break_groups_subject_to_range_at_most_2,bg_d2,full,compact_v2,global_cluster,seqcounter,shared_dp,,,-,-,-,-,UNSAT,-
forum-13crafc.fixed020-Forb,sparse_suffix,distance_closure,sparse_suffix+distance_closure,distance_closure,incremental,total_break_groups_subject_to_range_at_most_2,bg_d2,full,compact_v2,global_cluster,seqcounter,shared_dp,,,-,-,-,-,2.5 20,-
forum-13crafc.fixed020-Forb,sparse_suffix,distance_closure,sparse_suffix+distance_closure,distance_closure,maxsat,total_break_groups_subject_to_range_at_most_2,bg_d2,full,compact_v2,global_cluster,seqcounter,shared_dp,,,-,-,-,-,2.7 20,-
forum-13crafc.fixed020-Forb,sparse_suffix,distance_closure,sparse_suffix+distance_closure,distance_closure,multiple,total_break_groups_subject_to_range_at_most_2,bg_d2,full,compact_v2,global_cluster,seqcounter,shared_dp,,,-,-,-,-,7.4 20,-
forum-13crafc.fixed040-Forb,sparse_suffix,distance_closure,sparse_suffix+distance_closure,distance_closure,incremental,total_break_groups_subject_to_range_at_most_2,bg_d2,full,compact_v2,global_cluster,seqcounter,shared_dp,,,-,-,-,-,1.6 50,-
forum-13crafc.fixed040-Forb,sparse_suffix,distance_closure,sparse_suffix+distance_closure,distance_closure,maxsat,total_break_groups_subject_to_range_at_most_2,bg_d2,full,compact_v2,global_cluster,seqcounter,shared_dp,,,-,-,-,-,2.1 50,-
forum-13crafc.fixed040-Forb,sparse_suffix,distance_closure,sparse_suffix+distance_closure,distance_closure,multiple,total_break_groups_subject_to_range_at_most_2,bg_d2,full,compact_v2,global_cluster,seqcounter,shared_dp,,,-,-,-,-,4.7 50,-
forum-14.fixed020-Forb,sparse_suffix,distance_closure,sparse_suffix+distance_closure,distance_closure,incremental,total_break_groups_subject_to_range_at_most_2,bg_d2,full,compact_v2,global_cluster,seqcounter,shared_dp,,,-,-,-,-,11.6 20,-
forum-14.fixed020-Forb,sparse_suffix,distance_closure,sparse_suffix+distance_closure,distance_closure,maxsat,total_break_groups_subject_to_range_at_most_2,bg_d2,full,compact_v2,global_cluster,seqcounter,shared_dp,,,-,-,-,-,14.5 20,-
forum-14.fixed020-Forb,sparse_suffix,distance_closure,sparse_suffix+distance_closure,distance_closure,multiple,total_break_groups_subject_to_range_at_most_2,bg_d2,full,compact_v2,global_cluster,seqcounter,shared_dp,,,-,-,-,-,13.5 20,-
forum-14.fixed040-Forb,sparse_suffix,distance_closure,sparse_suffix+distance_closure,distance_closure,incremental,total_break_groups_subject_to_range_at_most_2,bg_d2,full,compact_v2,global_cluster,seqcounter,shared_dp,,,-,-,-,-,UNSAT,-
forum-14.fixed040-Forb,sparse_suffix,distance_closure,sparse_suffix+distance_closure,distance_closure,maxsat,total_break_groups_subject_to_range_at_most_2,bg_d2,full,compact_v2,global_cluster,seqcounter,shared_dp,,,-,-,-,-,UNSAT,-
forum-14.fixed040-Forb,sparse_suffix,distance_closure,sparse_suffix+distance_closure,distance_closure,multiple,total_break_groups_subject_to_range_at_most_2,bg_d2,full,compact_v2,global_cluster,seqcounter,shared_dp,,,-,-,-,-,UNSAT,-
forumt-14.fixed020-Forb,sparse_suffix,distance_closure,sparse_suffix+distance_closure,distance_closure,incremental,total_break_groups_subject_to_range_at_most_2,bg_d2,full,compact_v2,global_cluster,seqcounter,shared_dp,,,-,-,-,-,0.5 7,-
forumt-14.fixed020-Forb,sparse_suffix,distance_closure,sparse_suffix+distance_closure,distance_closure,maxsat,total_break_groups_subject_to_range_at_most_2,bg_d2,full,compact_v2,global_cluster,seqcounter,shared_dp,,,-,-,-,-,0.5 7,-
forumt-14.fixed020-Forb,sparse_suffix,distance_closure,sparse_suffix+distance_closure,distance_closure,multiple,total_break_groups_subject_to_range_at_most_2,bg_d2,full,compact_v2,global_cluster,seqcounter,shared_dp,,,-,-,-,-,1.0 7,-
forumt-14.fixed040-Forb,sparse_suffix,distance_closure,sparse_suffix+distance_closure,distance_closure,incremental,total_break_groups_subject_to_range_at_most_2,bg_d2,full,compact_v2,global_cluster,seqcounter,shared_dp,,,-,-,-,-,UNSAT,-
forumt-14.fixed040-Forb,sparse_suffix,distance_closure,sparse_suffix+distance_closure,distance_closure,maxsat,total_break_groups_subject_to_range_at_most_2,bg_d2,full,compact_v2,global_cluster,seqcounter,shared_dp,,,-,-,-,-,UNSAT,-
forumt-14.fixed040-Forb,sparse_suffix,distance_closure,sparse_suffix+distance_closure,distance_closure,multiple,total_break_groups_subject_to_range_at_most_2,bg_d2,full,compact_v2,global_cluster,seqcounter,shared_dp,,,-,-,-,-,UNSAT,-
forumt-14crafc.fixed020-Forb,sparse_suffix,distance_closure,sparse_suffix+distance_closure,distance_closure,incremental,total_break_groups_subject_to_range_at_most_2,bg_d2,full,compact_v2,global_cluster,seqcounter,shared_dp,,,-,-,-,-,0.6 7,-
forumt-14crafc.fixed020-Forb,sparse_suffix,distance_closure,sparse_suffix+distance_closure,distance_closure,maxsat,total_break_groups_subject_to_range_at_most_2,bg_d2,full,compact_v2,global_cluster,seqcounter,shared_dp,,,-,-,-,-,0.6 7,-
forumt-14crafc.fixed020-Forb,sparse_suffix,distance_closure,sparse_suffix+distance_closure,distance_closure,multiple,total_break_groups_subject_to_range_at_most_2,bg_d2,full,compact_v2,global_cluster,seqcounter,shared_dp,,,-,-,-,-,1.3 7,-
forumt-14crafc.fixed040-Forb,sparse_suffix,distance_closure,sparse_suffix+distance_closure,distance_closure,incremental,total_break_groups_subject_to_range_at_most_2,bg_d2,full,compact_v2,global_cluster,seqcounter,shared_dp,,,-,-,-,-,UNSAT,-
forumt-14crafc.fixed040-Forb,sparse_suffix,distance_closure,sparse_suffix+distance_closure,distance_closure,maxsat,total_break_groups_subject_to_range_at_most_2,bg_d2,full,compact_v2,global_cluster,seqcounter,shared_dp,,,-,-,-,-,UNSAT,-
forumt-14crafc.fixed040-Forb,sparse_suffix,distance_closure,sparse_suffix+distance_closure,distance_closure,multiple,total_break_groups_subject_to_range_at_most_2,bg_d2,full,compact_v2,global_cluster,seqcounter,shared_dp,,,-,-,-,-,UNSAT,-
forumt-14crafd.fixed020-Forb,sparse_suffix,distance_closure,sparse_suffix+distance_closure,distance_closure,incremental,total_break_groups_subject_to_range_at_most_2,bg_d2,full,compact_v2,global_cluster,seqcounter,shared_dp,,,-,-,-,-,0.7 9,-
forumt-14crafd.fixed020-Forb,sparse_suffix,distance_closure,sparse_suffix+distance_closure,distance_closure,maxsat,total_break_groups_subject_to_range_at_most_2,bg_d2,full,compact_v2,global_cluster,seqcounter,shared_dp,,,-,-,-,-,0.4 9,-
forumt-14crafd.fixed020-Forb,sparse_suffix,distance_closure,sparse_suffix+distance_closure,distance_closure,multiple,total_break_groups_subject_to_range_at_most_2,bg_d2,full,compact_v2,global_cluster,seqcounter,shared_dp,,,-,-,-,-,0.9 9,-
forumt-14crafd.fixed040-Forb,sparse_suffix,distance_closure,sparse_suffix+distance_closure,distance_closure,incremental,total_break_groups_subject_to_range_at_most_2,bg_d2,full,compact_v2,global_cluster,seqcounter,shared_dp,,,-,-,-,-,UNSAT,-
forumt-14crafd.fixed040-Forb,sparse_suffix,distance_closure,sparse_suffix+distance_closure,distance_closure,maxsat,total_break_groups_subject_to_range_at_most_2,bg_d2,full,compact_v2,global_cluster,seqcounter,shared_dp,,,-,-,-,-,UNSAT,-
forumt-14crafd.fixed040-Forb,sparse_suffix,distance_closure,sparse_suffix+distance_closure,distance_closure,multiple,total_break_groups_subject_to_range_at_most_2,bg_d2,full,compact_v2,global_cluster,seqcounter,shared_dp,,,-,-,-,-,UNSAT,-
forumt-14crafe.fixed020-Forb,sparse_suffix,distance_closure,sparse_suffix+distance_closure,distance_closure,incremental,total_break_groups_subject_to_range_at_most_2,bg_d2,full,compact_v2,global_cluster,seqcounter,shared_dp,,,-,-,-,-,0.7 9,-
forumt-14crafe.fixed020-Forb,sparse_suffix,distance_closure,sparse_suffix+distance_closure,distance_closure,maxsat,total_break_groups_subject_to_range_at_most_2,bg_d2,full,compact_v2,global_cluster,seqcounter,shared_dp,,,-,-,-,-,0.4 9,-
forumt-14crafe.fixed020-Forb,sparse_suffix,distance_closure,sparse_suffix+distance_closure,distance_closure,multiple,total_break_groups_subject_to_range_at_most_2,bg_d2,full,compact_v2,global_cluster,seqcounter,shared_dp,,,-,-,-,-,1.0 9,-
forumt-14crafe.fixed040-Forb,sparse_suffix,distance_closure,sparse_suffix+distance_closure,distance_closure,incremental,total_break_groups_subject_to_range_at_most_2,bg_d2,full,compact_v2,global_cluster,seqcounter,shared_dp,,,-,-,-,-,UNSAT,-
forumt-14crafe.fixed040-Forb,sparse_suffix,distance_closure,sparse_suffix+distance_closure,distance_closure,maxsat,total_break_groups_subject_to_range_at_most_2,bg_d2,full,compact_v2,global_cluster,seqcounter,shared_dp,,,-,-,-,-,UNSAT,-
forumt-14crafe.fixed040-Forb,sparse_suffix,distance_closure,sparse_suffix+distance_closure,distance_closure,multiple,total_break_groups_subject_to_range_at_most_2,bg_d2,full,compact_v2,global_cluster,seqcounter,shared_dp,,,-,-,-,-,UNSAT,-
tic-12.fixed020-Forb,sparse_suffix,distance_closure,sparse_suffix+distance_closure,distance_closure,incremental,total_break_groups_subject_to_range_at_most_2,bg_d2,full,compact_v2,global_cluster,seqcounter,shared_dp,,,-,-,-,-,0.1 1,-
tic-12.fixed020-Forb,sparse_suffix,distance_closure,sparse_suffix+distance_closure,distance_closure,maxsat,total_break_groups_subject_to_range_at_most_2,bg_d2,full,compact_v2,global_cluster,seqcounter,shared_dp,,,-,-,-,-,0.1 1,-
tic-12.fixed020-Forb,sparse_suffix,distance_closure,sparse_suffix+distance_closure,distance_closure,multiple,total_break_groups_subject_to_range_at_most_2,bg_d2,full,compact_v2,global_cluster,seqcounter,shared_dp,,,-,-,-,-,0.2 1,-
tic-12.fixed040-Forb,sparse_suffix,distance_closure,sparse_suffix+distance_closure,distance_closure,incremental,total_break_groups_subject_to_range_at_most_2,bg_d2,full,compact_v2,global_cluster,seqcounter,shared_dp,,,-,-,-,-,UNSAT,-
tic-12.fixed040-Forb,sparse_suffix,distance_closure,sparse_suffix+distance_closure,distance_closure,maxsat,total_break_groups_subject_to_range_at_most_2,bg_d2,full,compact_v2,global_cluster,seqcounter,shared_dp,,,-,-,-,-,UNSAT,-
tic-12.fixed040-Forb,sparse_suffix,distance_closure,sparse_suffix+distance_closure,distance_closure,multiple,total_break_groups_subject_to_range_at_most_2,bg_d2,full,compact_v2,global_cluster,seqcounter,shared_dp,,,-,-,-,-,UNSAT,-
tic-12crafc.fixed020-Forb,sparse_suffix,distance_closure,sparse_suffix+distance_closure,distance_closure,incremental,total_break_groups_subject_to_range_at_most_2,bg_d2,full,compact_v2,global_cluster,seqcounter,shared_dp,,,-,-,-,-,0.1 1,-
tic-12crafc.fixed020-Forb,sparse_suffix,distance_closure,sparse_suffix+distance_closure,distance_closure,maxsat,total_break_groups_subject_to_range_at_most_2,bg_d2,full,compact_v2,global_cluster,seqcounter,shared_dp,,,-,-,-,-,0.2 1,-
tic-12crafc.fixed020-Forb,sparse_suffix,distance_closure,sparse_suffix+distance_closure,distance_closure,multiple,total_break_groups_subject_to_range_at_most_2,bg_d2,full,compact_v2,global_cluster,seqcounter,shared_dp,,,-,-,-,-,0.2 1,-
tic-12crafc.fixed040-Forb,sparse_suffix,distance_closure,sparse_suffix+distance_closure,distance_closure,incremental,total_break_groups_subject_to_range_at_most_2,bg_d2,full,compact_v2,global_cluster,seqcounter,shared_dp,,,-,-,-,-,UNSAT,-
tic-12crafc.fixed040-Forb,sparse_suffix,distance_closure,sparse_suffix+distance_closure,distance_closure,maxsat,total_break_groups_subject_to_range_at_most_2,bg_d2,full,compact_v2,global_cluster,seqcounter,shared_dp,,,-,-,-,-,UNSAT,-
tic-12crafc.fixed040-Forb,sparse_suffix,distance_closure,sparse_suffix+distance_closure,distance_closure,multiple,total_break_groups_subject_to_range_at_most_2,bg_d2,full,compact_v2,global_cluster,seqcounter,shared_dp,,,-,-,-,-,UNSAT,-
tic-13.fixed020-Forb,sparse_suffix,distance_closure,sparse_suffix+distance_closure,distance_closure,incremental,total_break_groups_subject_to_range_at_most_2,bg_d2,full,compact_v2,global_cluster,seqcounter,shared_dp,,,-,-,-,-,0.4 2,-
tic-13.fixed020-Forb,sparse_suffix,distance_closure,sparse_suffix+distance_closure,distance_closure,maxsat,total_break_groups_subject_to_range_at_most_2,bg_d2,full,compact_v2,global_cluster,seqcounter,shared_dp,,,-,-,-,-,0.4 2,-
tic-13.fixed020-Forb,sparse_suffix,distance_closure,sparse_suffix+distance_closure,distance_closure,multiple,total_break_groups_subject_to_range_at_most_2,bg_d2,full,compact_v2,global_cluster,seqcounter,shared_dp,,,-,-,-,-,0.5 2,-
tic-13.fixed040-Forb,sparse_suffix,distance_closure,sparse_suffix+distance_closure,distance_closure,incremental,total_break_groups_subject_to_range_at_most_2,bg_d2,full,compact_v2,global_cluster,seqcounter,shared_dp,,,-,-,-,-,0.4 13,-
tic-13.fixed040-Forb,sparse_suffix,distance_closure,sparse_suffix+distance_closure,distance_closure,maxsat,total_break_groups_subject_to_range_at_most_2,bg_d2,full,compact_v2,global_cluster,seqcounter,shared_dp,,,-,-,-,-,0.9 13,-
tic-13.fixed040-Forb,sparse_suffix,distance_closure,sparse_suffix+distance_closure,distance_closure,multiple,total_break_groups_subject_to_range_at_most_2,bg_d2,full,compact_v2,global_cluster,seqcounter,shared_dp,,,-,-,-,-,1.0 13,-
tic-13crafb.fixed020-Forb,sparse_suffix,distance_closure,sparse_suffix+distance_closure,distance_closure,incremental,total_break_groups_subject_to_range_at_most_2,bg_d2,full,compact_v2,global_cluster,seqcounter,shared_dp,,,-,-,-,-,0.3 1,-
tic-13crafb.fixed020-Forb,sparse_suffix,distance_closure,sparse_suffix+distance_closure,distance_closure,maxsat,total_break_groups_subject_to_range_at_most_2,bg_d2,full,compact_v2,global_cluster,seqcounter,shared_dp,,,-,-,-,-,0.4 1,-
tic-13crafb.fixed020-Forb,sparse_suffix,distance_closure,sparse_suffix+distance_closure,distance_closure,multiple,total_break_groups_subject_to_range_at_most_2,bg_d2,full,compact_v2,global_cluster,seqcounter,shared_dp,,,-,-,-,-,0.6 1,-
tic-13crafb.fixed040-Forb,sparse_suffix,distance_closure,sparse_suffix+distance_closure,distance_closure,incremental,total_break_groups_subject_to_range_at_most_2,bg_d2,full,compact_v2,global_cluster,seqcounter,shared_dp,,,-,-,-,-,0.2 16,-
tic-13crafb.fixed040-Forb,sparse_suffix,distance_closure,sparse_suffix+distance_closure,distance_closure,maxsat,total_break_groups_subject_to_range_at_most_2,bg_d2,full,compact_v2,global_cluster,seqcounter,shared_dp,,,-,-,-,-,0.3 16,-
tic-13crafb.fixed040-Forb,sparse_suffix,distance_closure,sparse_suffix+distance_closure,distance_closure,multiple,total_break_groups_subject_to_range_at_most_2,bg_d2,full,compact_v2,global_cluster,seqcounter,shared_dp,,,-,-,-,-,0.4 16,-
tic-13crafc.fixed020-Forb,sparse_suffix,distance_closure,sparse_suffix+distance_closure,distance_closure,incremental,total_break_groups_subject_to_range_at_most_2,bg_d2,full,compact_v2,global_cluster,seqcounter,shared_dp,,,-,-,-,-,1.3 6,-
tic-13crafc.fixed020-Forb,sparse_suffix,distance_closure,sparse_suffix+distance_closure,distance_closure,maxsat,total_break_groups_subject_to_range_at_most_2,bg_d2,full,compact_v2,global_cluster,seqcounter,shared_dp,,,-,-,-,-,1.6 6,-
tic-13crafc.fixed020-Forb,sparse_suffix,distance_closure,sparse_suffix+distance_closure,distance_closure,multiple,total_break_groups_subject_to_range_at_most_2,bg_d2,full,compact_v2,global_cluster,seqcounter,shared_dp,,,-,-,-,-,2.4 6,-
tic-13crafc.fixed040-Forb,sparse_suffix,distance_closure,sparse_suffix+distance_closure,distance_closure,incremental,total_break_groups_subject_to_range_at_most_2,bg_d2,full,compact_v2,global_cluster,seqcounter,shared_dp,,,-,-,-,-,5.2 16,-
tic-13crafc.fixed040-Forb,sparse_suffix,distance_closure,sparse_suffix+distance_closure,distance_closure,maxsat,total_break_groups_subject_to_range_at_most_2,bg_d2,full,compact_v2,global_cluster,seqcounter,shared_dp,,,-,-,-,-,23.6 16,-
tic-13crafc.fixed040-Forb,sparse_suffix,distance_closure,sparse_suffix+distance_closure,distance_closure,multiple,total_break_groups_subject_to_range_at_most_2,bg_d2,full,compact_v2,global_cluster,seqcounter,shared_dp,,,-,-,-,-,6.5 16,-
tic-14crafa.fixed020-Forb,sparse_suffix,distance_closure,sparse_suffix+distance_closure,distance_closure,incremental,total_break_groups_subject_to_range_at_most_2,bg_d2,full,compact_v2,global_cluster,seqcounter,shared_dp,,,-,-,-,-,1.0 2,-
tic-14crafa.fixed020-Forb,sparse_suffix,distance_closure,sparse_suffix+distance_closure,distance_closure,maxsat,total_break_groups_subject_to_range_at_most_2,bg_d2,full,compact_v2,global_cluster,seqcounter,shared_dp,,,-,-,-,-,0.5 2,-
tic-14crafa.fixed020-Forb,sparse_suffix,distance_closure,sparse_suffix+distance_closure,distance_closure,multiple,total_break_groups_subject_to_range_at_most_2,bg_d2,full,compact_v2,global_cluster,seqcounter,shared_dp,,,-,-,-,-,1.1 2,-
tic-14crafa.fixed040-Forb,sparse_suffix,distance_closure,sparse_suffix+distance_closure,distance_closure,incremental,total_break_groups_subject_to_range_at_most_2,bg_d2,full,compact_v2,global_cluster,seqcounter,shared_dp,,,-,-,-,-,UNSAT,-
tic-14crafa.fixed040-Forb,sparse_suffix,distance_closure,sparse_suffix+distance_closure,distance_closure,maxsat,total_break_groups_subject_to_range_at_most_2,bg_d2,full,compact_v2,global_cluster,seqcounter,shared_dp,,,-,-,-,-,UNSAT,-
tic-14crafa.fixed040-Forb,sparse_suffix,distance_closure,sparse_suffix+distance_closure,distance_closure,multiple,total_break_groups_subject_to_range_at_most_2,bg_d2,full,compact_v2,global_cluster,seqcounter,shared_dp,,,-,-,-,-,UNSAT,-
tic-14crafc.fixed020-Forb,sparse_suffix,distance_closure,sparse_suffix+distance_closure,distance_closure,incremental,total_break_groups_subject_to_range_at_most_2,bg_d2,full,compact_v2,global_cluster,seqcounter,shared_dp,,,-,-,-,-,1.1 3,-
tic-14crafc.fixed020-Forb,sparse_suffix,distance_closure,sparse_suffix+distance_closure,distance_closure,maxsat,total_break_groups_subject_to_range_at_most_2,bg_d2,full,compact_v2,global_cluster,seqcounter,shared_dp,,,-,-,-,-,1.2 3,-
tic-14crafc.fixed020-Forb,sparse_suffix,distance_closure,sparse_suffix+distance_closure,distance_closure,multiple,total_break_groups_subject_to_range_at_most_2,bg_d2,full,compact_v2,global_cluster,seqcounter,shared_dp,,,-,-,-,-,1.1 3,-
tic-14crafc.fixed040-Forb,sparse_suffix,distance_closure,sparse_suffix+distance_closure,distance_closure,incremental,total_break_groups_subject_to_range_at_most_2,bg_d2,full,compact_v2,global_cluster,seqcounter,shared_dp,,,-,-,-,-,UNSAT,-
tic-14crafc.fixed040-Forb,sparse_suffix,distance_closure,sparse_suffix+distance_closure,distance_closure,maxsat,total_break_groups_subject_to_range_at_most_2,bg_d2,full,compact_v2,global_cluster,seqcounter,shared_dp,,,-,-,-,-,UNSAT,-
tic-14crafc.fixed040-Forb,sparse_suffix,distance_closure,sparse_suffix+distance_closure,distance_closure,multiple,total_break_groups_subject_to_range_at_most_2,bg_d2,full,compact_v2,global_cluster,seqcounter,shared_dp,,,-,-,-,-,UNSAT,-
tic-14crafd.fixed020-Forb,sparse_suffix,distance_closure,sparse_suffix+distance_closure,distance_closure,incremental,total_break_groups_subject_to_range_at_most_2,bg_d2,full,compact_v2,global_cluster,seqcounter,shared_dp,,,-,-,-,-,0.4 2,-
tic-14crafd.fixed020-Forb,sparse_suffix,distance_closure,sparse_suffix+distance_closure,distance_closure,maxsat,total_break_groups_subject_to_range_at_most_2,bg_d2,full,compact_v2,global_cluster,seqcounter,shared_dp,,,-,-,-,-,0.5 2,-
tic-14crafd.fixed020-Forb,sparse_suffix,distance_closure,sparse_suffix+distance_closure,distance_closure,multiple,total_break_groups_subject_to_range_at_most_2,bg_d2,full,compact_v2,global_cluster,seqcounter,shared_dp,,,-,-,-,-,0.9 2,-
tic-14crafd.fixed040-Forb,sparse_suffix,distance_closure,sparse_suffix+distance_closure,distance_closure,incremental,total_break_groups_subject_to_range_at_most_2,bg_d2,full,compact_v2,global_cluster,seqcounter,shared_dp,,,-,-,-,-,UNSAT,-
tic-14crafd.fixed040-Forb,sparse_suffix,distance_closure,sparse_suffix+distance_closure,distance_closure,maxsat,total_break_groups_subject_to_range_at_most_2,bg_d2,full,compact_v2,global_cluster,seqcounter,shared_dp,,,-,-,-,-,UNSAT,-
tic-14crafd.fixed040-Forb,sparse_suffix,distance_closure,sparse_suffix+distance_closure,distance_closure,multiple,total_break_groups_subject_to_range_at_most_2,bg_d2,full,compact_v2,global_cluster,seqcounter,shared_dp,,,-,-,-,-,UNSAT,-
ticf-13crafa.fixed020-Forb,sparse_suffix,distance_closure,sparse_suffix+distance_closure,distance_closure,incremental,total_break_groups_subject_to_range_at_most_2,bg_d2,full,compact_v2,global_cluster,seqcounter,shared_dp,,,-,-,-,-,1.7 20,-
ticf-13crafa.fixed020-Forb,sparse_suffix,distance_closure,sparse_suffix+distance_closure,distance_closure,maxsat,total_break_groups_subject_to_range_at_most_2,bg_d2,full,compact_v2,global_cluster,seqcounter,shared_dp,,,-,-,-,-,2.3 20,-
ticf-13crafa.fixed020-Forb,sparse_suffix,distance_closure,sparse_suffix+distance_closure,distance_closure,multiple,total_break_groups_subject_to_range_at_most_2,bg_d2,full,compact_v2,global_cluster,seqcounter,shared_dp,,,-,-,-,-,4.7 20,-
ticf-13crafa.fixed040-Forb,sparse_suffix,distance_closure,sparse_suffix+distance_closure,distance_closure,incremental,total_break_groups_subject_to_range_at_most_2,bg_d2,full,compact_v2,global_cluster,seqcounter,shared_dp,,,-,-,-,-,1.3 49,-
ticf-13crafa.fixed040-Forb,sparse_suffix,distance_closure,sparse_suffix+distance_closure,distance_closure,maxsat,total_break_groups_subject_to_range_at_most_2,bg_d2,full,compact_v2,global_cluster,seqcounter,shared_dp,,,-,-,-,-,1.7 49,-
ticf-13crafa.fixed040-Forb,sparse_suffix,distance_closure,sparse_suffix+distance_closure,distance_closure,multiple,total_break_groups_subject_to_range_at_most_2,bg_d2,full,compact_v2,global_cluster,seqcounter,shared_dp,,,-,-,-,-,4.0 49,-
ticf-13crafb.fixed020-Forb,sparse_suffix,distance_closure,sparse_suffix+distance_closure,distance_closure,incremental,total_break_groups_subject_to_range_at_most_2,bg_d2,full,compact_v2,global_cluster,seqcounter,shared_dp,,,-,-,-,-,4.5 27,-
ticf-13crafb.fixed020-Forb,sparse_suffix,distance_closure,sparse_suffix+distance_closure,distance_closure,maxsat,total_break_groups_subject_to_range_at_most_2,bg_d2,full,compact_v2,global_cluster,seqcounter,shared_dp,,,-,-,-,-,3.5 27,-
ticf-13crafb.fixed020-Forb,sparse_suffix,distance_closure,sparse_suffix+distance_closure,distance_closure,multiple,total_break_groups_subject_to_range_at_most_2,bg_d2,full,compact_v2,global_cluster,seqcounter,shared_dp,,,-,-,-,-,10.8 27,-
ticf-13crafb.fixed040-Forb,sparse_suffix,distance_closure,sparse_suffix+distance_closure,distance_closure,incremental,total_break_groups_subject_to_range_at_most_2,bg_d2,full,compact_v2,global_cluster,seqcounter,shared_dp,,,-,-,-,-,UNSAT,-
ticf-13crafb.fixed040-Forb,sparse_suffix,distance_closure,sparse_suffix+distance_closure,distance_closure,maxsat,total_break_groups_subject_to_range_at_most_2,bg_d2,full,compact_v2,global_cluster,seqcounter,shared_dp,,,-,-,-,-,UNSAT,-
ticf-13crafb.fixed040-Forb,sparse_suffix,distance_closure,sparse_suffix+distance_closure,distance_closure,multiple,total_break_groups_subject_to_range_at_most_2,bg_d2,full,compact_v2,global_cluster,seqcounter,shared_dp,,,-,-,-,-,UNSAT,-
ticf-13crafc.fixed020-Forb,sparse_suffix,distance_closure,sparse_suffix+distance_closure,distance_closure,incremental,total_break_groups_subject_to_range_at_most_2,bg_d2,full,compact_v2,global_cluster,seqcounter,shared_dp,,,-,-,-,-,2.8 20,-
ticf-13crafc.fixed020-Forb,sparse_suffix,distance_closure,sparse_suffix+distance_closure,distance_closure,maxsat,total_break_groups_subject_to_range_at_most_2,bg_d2,full,compact_v2,global_cluster,seqcounter,shared_dp,,,-,-,-,-,3.1 20,-
ticf-13crafc.fixed020-Forb,sparse_suffix,distance_closure,sparse_suffix+distance_closure,distance_closure,multiple,total_break_groups_subject_to_range_at_most_2,bg_d2,full,compact_v2,global_cluster,seqcounter,shared_dp,,,-,-,-,-,7.5 20,-
ticf-13crafc.fixed040-Forb,sparse_suffix,distance_closure,sparse_suffix+distance_closure,distance_closure,incremental,total_break_groups_subject_to_range_at_most_2,bg_d2,full,compact_v2,global_cluster,seqcounter,shared_dp,,,-,-,-,-,1.5 49,-
ticf-13crafc.fixed040-Forb,sparse_suffix,distance_closure,sparse_suffix+distance_closure,distance_closure,maxsat,total_break_groups_subject_to_range_at_most_2,bg_d2,full,compact_v2,global_cluster,seqcounter,shared_dp,,,-,-,-,-,1.7 49,-
ticf-13crafc.fixed040-Forb,sparse_suffix,distance_closure,sparse_suffix+distance_closure,distance_closure,multiple,total_break_groups_subject_to_range_at_most_2,bg_d2,full,compact_v2,global_cluster,seqcounter,shared_dp,,,-,-,-,-,4.7 49,-
ticf-14crafa.fixed020-Forb,sparse_suffix,distance_closure,sparse_suffix+distance_closure,distance_closure,incremental,total_break_groups_subject_to_range_at_most_2,bg_d2,full,compact_v2,global_cluster,seqcounter,shared_dp,,,-,-,-,-,6.7 21,-
ticf-14crafa.fixed020-Forb,sparse_suffix,distance_closure,sparse_suffix+distance_closure,distance_closure,maxsat,total_break_groups_subject_to_range_at_most_2,bg_d2,full,compact_v2,global_cluster,seqcounter,shared_dp,,,-,-,-,-,5.6 21,-
ticf-14crafa.fixed020-Forb,sparse_suffix,distance_closure,sparse_suffix+distance_closure,distance_closure,multiple,total_break_groups_subject_to_range_at_most_2,bg_d2,full,compact_v2,global_cluster,seqcounter,shared_dp,,,-,-,-,-,14.2 21,-
ticf-14crafa.fixed040-Forb,sparse_suffix,distance_closure,sparse_suffix+distance_closure,distance_closure,incremental,total_break_groups_subject_to_range_at_most_2,bg_d2,full,compact_v2,global_cluster,seqcounter,shared_dp,,,-,-,-,-,UNSAT,-
ticf-14crafa.fixed040-Forb,sparse_suffix,distance_closure,sparse_suffix+distance_closure,distance_closure,maxsat,total_break_groups_subject_to_range_at_most_2,bg_d2,full,compact_v2,global_cluster,seqcounter,shared_dp,,,-,-,-,-,UNSAT,-
ticf-14crafa.fixed040-Forb,sparse_suffix,distance_closure,sparse_suffix+distance_closure,distance_closure,multiple,total_break_groups_subject_to_range_at_most_2,bg_d2,full,compact_v2,global_cluster,seqcounter,shared_dp,,,-,-,-,-,UNSAT,-
